video_url,title,caption
https://www.youtube.com/watch?v=_mlXUrJVrw4,[사적인정신과] 퇴근하면 두통이 사라지는 마법....★정신의학으로 설명해드림 / 14F,딱 출근할 생각을 하면 1월 5부터 뭔가 5 라고요 집에 감괜찮그냥 우울증 차이는 뭐냐 이 업무를 할 영향이 못된 그렇지 않거든요 지금 지쳐서 우렁 거예요   사적인 정신과 에 오신 것을 환영합니다 오늘은 어떤 서쪽인 서현 이었는지 바로 같이 확인해 볼까요  교수님 30대 직장인입니다 요세 제가 이유없이 조 통에 자주 시달리고 있습니다 특히 회사에 있을 때는 머리가 깨질듯이프고 소화도 안 돼요 집에만 도착하면 언제파 냐는 듯이 원정 해 지더라구요 이런 두통 때문에 걱정 된다고 했더니 회사 가기 싫어 병에 걸린 거 라며 퇴사 하면 단 않는다고 하더군요 단순히 스트레스 때문에 회사를 그만 두 개는 현실적으로 말이 안되잖아요 말이 안되죠 그냥 운석의 소리로 들었지만 문득 펠 사각의 시럽 0 같은게 진짜로 있는지 궁금해요 회사 가기 싫어 평 있을까요 어 있습니다 번아웃 신드롬 이라고 알려지기도 한 병 이기도 한대요 사실 병 이라고 하기엔 특급 매매 하긴 하지만 진단하는 기준은 어 내가 회사에서 일을 하는데 옛날 만큼 뭔가 능률이 잘 안 올라요 집중도 안 되고요 그런데 여기 사용 보내주신 분 처럼 신기하게도 회사 일과 상관이 없는 것에서는 특별 차이가 없어요 집에 감괜찮그리고 주말에 괜찮은 게 특징이에요 주말에는 내가 좋아하는 일을 하던 공부를 하던 별로 올 하지도 않구요 컨츄리 괜찮아요 근데 딱 출근할 생각을 하면 1월 부터 뭔가 오라고 요 몸도프고 만사가 필요해요내가 일을 하는게 맞나 그러나 이 직업을 제대로 선택했나 라고 고민을 하면서 이직을 하기가 쉬워진다 거예요 그러면은 이거를 시료를 어떻게냐 가장 중요한 거는 이상적인 되겠지만 이란의 시간을 줄여야 해요 그것 밖엔 어때요 확실한 해결책은 일하는 시간을 좀 줄여야 되고요 두번째는 회사일 마소 어떤 자기가 뭔가 그 이외의 몰두할 수 있는 취미를 만들어야 되요 그리고 세번째는 7 날 친구랑 얘기하는 거야 그게 이제 직장에 대한 어떻게 본 뭐 어 상사의 험담을 수도 있고 그냥 소소한 잡담 일수도 있는데 이야기를 많이 하는 사람과 얘기를 많이 안하는 사람이 실제로 이 스트레스 푸는 해소가 되는 비율이 굉장히 차이가 있었는데요 다만 회사의 싫다고 그때그때 관 드시면 안되고요 회사 가기 싫어 병이 왔을 때는 그 때 참가 내가 더 족한 사람이다 이 업무에 안맞는다 착각할 수가 있어요 그렇지 않거든요 짜내고 짜내고 지금 지쳐서 그런거예요 내가 어디까지 할 수 있는지 를 조금 냉정하게 파악을 하셔서 업무를 내가 사실 할 수 있는 역량이 80% 인데 100% 를 자꾸 하려고 하면 욕심이 그렇게 할 수 있어 물론 좋죠 물론 좋은데 이 정도로 두통 소화불량 만성 통증 이런 게 생기면 병이 난 거거든요 이럴 때가 오면 약간 쉬고 다시 생각하는 게 필요해요 2 그러면 이거랑 그냥 우울증 차이는 뭐냐 우울증은 직장에서 힘든데 집에 와도 또 임 들고 집에 와서도 오라고 집에 와서도 집중이 안되고 내가 좋아하는 일로 집중해야 니 번호 3 드럼은 집 쌍 관련된 것만 힘든걸 그래서 직장 마 가면 힘들고프고 집중력이 떨어지고 이게 왜 그런 하면요 우리 몸의 2 여러가지픈 거 뭐 이런 자율적인 것은예 대로 자율신경 신에서 조절을 하거든요 내가 이성적으로 느끼지 않아도 항상 내가 힘들어 하는거 마음이 끌리지 않는 것에서는 몸이 알아서 표현을 하긴 뇌가 지시를 합니다 뭔가 스트레스 받을 때 머리프다 나는 자꾸 뭐 화장실 가고 싶다 검사 해봐도 몸에 이상이 없다고 하는데 온 몸이 막 쑤신다 이런 것들은 몸이 알아서 거부할 조금 얘기를 확장 하자면 은 잘 안 맞는 사람이라 같이 살거나 같이 오래 친구 건가 유치하거나 사귈 때 나타날 수도 있어요 예를 들어서 가족이 사는 데 사실 성격이 안 맞을 수가 있어요 근데 이게 사람이기 때문에 서로 성격이 안 맞으면 요 너무 힘든 거예요 그래서 의외로 이런 만성 두통 만성 복통 이런 것들이 잘 안 맞는 가족 뭐 안 맞는 집단 이런 것을 오래 있으면 어 증상에 따라 수 있어요 ce 정말 여기 회사인 난 못 살겠어 관 둬야 될 것 같애 여기서도 나가서 나 일에 잘못 선택해 써 라는 회의감이 들 면 충분 자랄 수 있었었는데 지금 버나 옷이 온걸 수도 있겠구나 라고 다시 한번 돌보시구요 생각해보면 은 이라는 게 자기가 분명히 얻는건 있거든요 돈으로 또니면 것을 경우가 쓴 굉장히 힘들게 하는 인간관계에서 뭔가 깨달음은 어떤 엉 게 있긴 있으니까요 너무 나쁘게만 생각하지 마시고 다만 나를 내가 이자리에 부적절한 사람이라는 그런 자기 비하는 안하셨으면 좋겠습니다 눈을 사적인 정신과 셔터의 고민은 여기서 마무리 할게요 다음시간에 또 만나요란이 이렇게 생겨 줬는데 얘는 왜 나를 이만큼 생각을 안 해 주지 스트레스 받으면서 왜 자꾸 남의 일에 참견을 하냐 내가 도와준 것만큼 분명히 남들은 잘 기억하지 못해요
https://www.youtube.com/watch?v=JV7BM0EoEtg,[사적인정신과] 마음이 외로울 때 매운 게 땡기는 이유｜ 거식증｜대식증｜폭식장애｜폭식 고치는 법  / 14F,폭식 암의 스트레스가 해결될까 자기 학대 인 이에요 자기가 그런 스트레스 나 심각한 고통을 해결할 수단이 없어서 먹는걸로 감정을 나한테 쏟아내는 거예요  사적인 정신과 에 오신 여러분 환영합니다 오늘은 어떤 분이 또 사적인 사연 보내주신 g 바로 같이 확인해 볼까요 테란 스엠  매일 밤마다 야식 에 올린 제가 좀 이상해서 사용해서 봅니다 제가 평소에도 식욕이 많아서 어늘 점심과 저녁을 주 독하게 먹는 편이에요 그럴래 밤 10시 정도만 되면 이상하게 또 허기가 줘요 다 이런 거니에요 근데 그것도 맵고 짜거나니면 기름진 음식들이 주로 생강 합니다 차와 지참할 자다가 결국 에도 배달을 시킵니다 막상 먹을 때는 너무 좋지만 소화를 시키고 자 나랑 한 시조 시쯤 자매 들어요 스트레스를 받았기 때문에 야식을 찾게 되는 걸까요 스트레스를 받은 날야시 기회로 땡긴 야 야식 증후군 이라는 말이 있기도 한데요 실제로 진단 넣은 없어요 폭식하는 병원 있어요 왜 폭식을 하면서 스트레스가 약간 해결된다고 느낄까 먹는 것은 일차적으로는 우리가 인간이 할 수 있는 가장 기본적이고 쉬운 내 만족해 귀한 탱 보여줄 수 있는 2 그 반면에 폭시 캥 이는 똑 가장 쉽게 나를 내서 괴롭힐 수 있는 행위 얘기해요 매운 것이 도 모든 간의 폭식을 해서 위를 막 찢어지게 어떤 고통을 준다는 건 요 스트레스 해소하는 게니고요 자기 학대 했네요 일종의 원래는 스트레스를 분출 해야되는데 그룹 해결을 못하니까 먹는걸로 감정을 나한테 쏟아내는 거야 다시 악수내 저자 쓰 특히 밤에 폭식을 많이 하긴 합니다 낮에는 자길 거 가 있기 때문에 이 폭식이 집중할 시간이 사실 없잖아요 4 2 반별 c 이유가 되며 는 자기 혼자만의 시간 갔다가 자는데 이때 외롭거나 공허직쉽죠 그래서 실제로 움직일 땐 기도합니다멘 외로운데 음식을 외모 거요 참 신기한게 음식을 먹으면 위가 잖아요 그럼 일차적으로는 위에 음식의 차서 생기는 포만감 인데요 뇌가 조금 약간 바보 같은게 배가 찢어지게픈건지 내가 마음이픈건지 잘 구별 없네요 약간 헷갈리기 때문에 그 순간에 나한테 고통을 줌으로써 어떤 내가 생각하고 있는 고통을 잠시 잊게 해줄 수 있죠 자기가 그런 스트레스 나 심각한 고통을 해결할 수단이 없어서 멍 한 걸로 자기를 보상하고 서버라고 이런 자기 학대에 고통을 빙자 에서 잠깐 잊은 건데 그게 습관이 된 거에요 매운거 먹으면 스트레스 풀린다 는 분들이 많은데 매운 거를 먹으로 자극을 받잖아요 통각 세포가 자극이 되서 통증을 느끼는 거예요 그 고통을 느끼는 거거든요 이 고통이라는 자극이 쾌감이 나 어떤 강렬한 감정을 줄 수 있어요 그래서 스트레스를 압도 할 수가 있겠죠주 흔한 예로 원 얼 사이 많이 달리기를 올해 그래서 몇 키로 이상이 뛰게 되면 요 힘든 게 잊혀져 가 어느 순간 기분이 붕 뜨는 것처럼 하이 기분 좋은 현상이 나타나는데 이제 어떤 고통이 한계치가 되면 뭐 일종의 우리가 엔돌핀 이라고 하죠 이런 것들이 나타나서 고통을 있는데 담궈 먹어도 스트레스 떨어진 사람도 있잖아요 글로 코즈 라는 당의 올라가면 일시적으로 기분이 약간 좋아집니다 혈당이 떨어지면 예민해지고 실제로 그래서 당 떨어졌을 때 뭐 초코렛을 먹어라 공부할 때 쵸코렛 머금은 공부 잘 된다 약간 일리가 있어요 식사 상해 예전에는 이제 사업 책상을 하기도 했는데요 올해 흔히 알고있는 거식증 이 있고 또 대식 찡이 있고 폭식증 있어요 이 거식증은 원래 정식 의학적 명칭으로는 신경성 시급 부진 째 그 신경성으로 식욕이 없어지는 병이다 이러니 뜻인데 실제로 틀려요 거식증은 음식을 싫어 하잖아요 음식을 원해요 그래서 음식에도 집착할 수도 있어요 살이 찌는 곳에 대해서 또 너무 너무 극단적으로 혐오 해서 음식을 안 먹는 거예요 음식 맛을 못 느끼는거 는 마치 있는데 안 먹는거 그냥 결과적으로 엄청나게 저체중 이 되는 거죠 그럼 게 식전에 뭐냐 슬 경성대 10장은 똑같이 최종 2분은 것에 대한 체중이 찌는 것에 대한 두려움이 있어요 그래서 폭식을 한 다음에 시대 내 든지 토 하든지 해서 여튼 정상체중 이랑 비슷하게 유지해야 의 사람들주 저체중은 안 나온다는 거죠 둘이 약간 성격은 다른데 이 사람들은 4 대한 쳤는데 자꾸 또 통화 독자가 느끼는 거야 그리고 뚱뚱하지만 은 과도하게 너무 불안해 자기 몸에 대한 생각을 잘 못 받고 있거든요 폭 쌕 장애는 거식증 대식 등 이런 것과는 달리 양 스트레스 받아서 많이 모으는 걸 배터지게 그리고 또 먹었구나 혹은 스트레스 땜에 또 복습 했구나 라고 본인이 깨닫곤 해요 가장 큰 차이가 뭐냐 많이 먹는데 뭐 손을 넣어서 토한다 대토 한 분이 이런 보상 형이라 근데 이건 좀 다른 거죠 스트레스 받으면 뭐 많이 먹을 수 있죠 예 다만 이거를 습관적으로 하시는 분들은 진짜 내가 뭔가 마음 야한 게 있나 나누게 있을 거에요 내가 스트레스를 해소한다 고 생각하지만 사실은 스트레스가 해소되는 게니고 쓰레기 같은 감정을 물면서 지금 나를 확대시켜 주나 나를 학대하는 어떤 보문로서 잠깐 이거 잊고 있거나 유우 생각을 자꾸 봐 줘야 돼요 여러분 무엇보다 중요한 것은 자기가 자기를 좀 맡겨야 해요 나한테 쓰레기를 넣으시면 안됩니다 4 3g 는 밖으로 풀어야 된다 절대로 이 폭식으로 스트레스가 해결되는 것은니다 오늘 사적인 정신과 는 여기서 마무리 하구요 좋아용 구독 눌러 주시고요 4 우리는 다음 시간에 또 만나요 짝 출근할 생각을 하면 1월 후부터 뭔가 우울하고 요 집에 감괜찮그냥 우울증 차이는 뭐냐 이 업무를 할 영향이 못 된다 그렇지 않거든요 지금 지쳐서 우렁 거에요
https://www.youtube.com/watch?v=jWg40xGQZXo,[사적인정신과] ‘MBTI’ 나랑 딱 맞는 것 같은 느낌이 드는 이유 / 14F,mbti 는 요 나는 어떤 사람이지 답을 내고 싶어 지잖아요 20 밑에 스트를 했을 때 자기가 생각하기에 자기가 맞는 것에만 꽂혀 더라   사적인 정신과 찾오신 여러분 반갑습니다 눈으로도 어떤 사적인 사연이 올라와 있을까요 나 라는 생 님  저는 22살 대학생 이에요 제 고민 이긴한데 재 장치인 의 문제이기도 한 걸 여쭤보고 싶어요 친구와 저는 초등학교 때 만났습니다 그때 한창 혈액형별 성격 이나 궁합 이런게 유행 있었는데요 제 친구는 유도 그런 심리테스트 같은걸 좋아했었어요 지금도 제가 무슨 고민을 얘기하면 나도는 비용 이라 1월이 로타 뚱 2시 악보 누굴 만날 때 혈액형이 며 별자리를 물어봐서 옆에서 제가 곤란한 적도 있었네요 한테는 mbti 에 빠져서 시도 때도 없이 nb ti 결과를 웃고 다니더라 심리테스트 에 유독 집착하는 이유는 뭘까요 저두 20살때 20대 때 이런거 많이 보긴 했어요 우선 혈액형 별자리 는 그냥 얘기하는 거예요 내가 태어난 날짜 보고 하는 거잖아요 저는 개인 조양 자리에요 양자리 는 이 별자리 중에 가장 처음이기 때문에 진취성 이 강화되어 독립적이고 뭐좀 에너지가 넘치는 게 특징 이래 제가 그걸 듣고 3월생 친구들을 찾보니까 맞는 것 같아요 이게 그 됐다 오면 요주 우울증 걸린 사람 빼고는주 수밖에 없어 진취적인 게 삶의 한 번도 없을 적이 있을까요 듣고 보면 뭐 한번쯤은 내가 경험을 했거나 내 내면의 갖고 있는 성향을 말할 확률이 높습니다 제거로 우리가 다 넘 효과라고 하는데 두루 뭉실하게 얘기를 하면 누구나 공감한다 는 거예요 사람은 달라 개별적으로 성격이 다르다고 생각하지만 이 내가 당장 드러나지 않아도 내면적으로 갖고 있는 성향도 있고요 지금 내가 막 드러나는 성향도 있고 다 인간이 공통적인 게 있거든요 그래서 얘기를 하다 보면은기의 고 때 얘기 같은데 누구나에게 가만히 생각을 해보면 내가 갖고 있을 수도 있는 부분들을 찝어서 얘기를 하기 때문에 심리 테스트를 하면 맹 강하면 모든 사람이 자기한테 맞는다고 생각을 한다는 거예요 mbti 가 조금 인기 라고 들었어요 mbti 는 사실은 노즈 민기는 큰니구요 예전부터 있었던 검사 이긴 한데 글쎄요 요즘 그 친구들이 자기에 대해서 알고 싶은 욕구가 늘어나서 비교적 쉽게 자기를 해볼 수 있는 검사 손쉬운 검사의 하 태진 것 같아요 제가 봤을 때 이 mmpi 나 mbti 는 요 실 짝 설 문제가 있어요주 이렇게 좀 많거든요 문항이 많은데 이 설문지를 토대로 이 사안이 실제로 선택을 할 때 내향적 인가 어떤 성향을 가지고 있나 이게 촘촘하게 쌓이고 사서 근거가 있는 나름대로 분석결과입니다 이걸로 다 맞출 순 없겠지만 그래도 자기가 얘기한 것에 근거해서 결과가 나온다는 객관성 이 있는 것이죠 그런데 우리가 살면서 사람이 바뀌는 경우가 많거든요 저도 고등학교때 2 mbti 했는데요 ism dj 니까 십 년 후에 다시 보니까 완전 정반대 결과가 나왔어요 꿈에는 그때 검찰 틀린 걸까요니죠 그때 고등학생 때 존은 그런 사람이었던 거고 제가 10년이 지난 후에 어 이렇게 조금 사회 생활도 하고 여러가지 인생사를 겪으면서 제가 다 꼈다 보니까 다른 성격으로 변한 거예요 이 모든 것들이 내 안에 있는 거죠 뭐 졌을 때 되게 소심하고 되게 조용한 친구였는데 갑자기 조 친구가 막 예언이 되어 있고 연예인은니더라도 30년 후에 만났는데 굉장히 활동한 사업가가 되어 있고 이런 경우가 많아요 그래서 mmpi 나 mbti 나 그 당시에 그 친구의 성향이나 이런 것들을 반영하는 거지 그걸로 그 사람의 모든 안겨 글 총체적으로 파악하기는 어렵다 고 보시면 되요 그때내는 다양한 내가 들어 있으니까 이 심리 테스트를 했을때 어떤 얘기를 해줘도 무조건 나한테 맞는 다고 생각하기 쉬운 거예요 심 퀘스트 많이 하시는 분들을 고기 심히 있거나 이런 것도 있겠지만 항상 불안하고 좀 나에 대해서 궁금하고 이런 친구들이 많이 관심을 갖고 특히 젊은 친구들 청소년기 나 20대가 절정이 줘 이때가 제일 자기에 대해서 생각을 많이 하고 제일 답이 안나오는 시켜서 그런 것 같아요 어른 됐다고 하니까 성인 됐다고 하니까 앞으로 어떻게 살 찌 난 어떤 사람이지 답을 내고 싶어 지잖아요 우리만 대 값 이 안나와요 나에 대해서 뭔가 답을 정말 해답을 구하고 싶을 알기 때문에 이런 얘기도 듣고 싶고 이런 얘기 들어도 맞는거 같고 자꾸 의지하고 싶고 때로는 집착하게 되는 경우도 생기는 것 같아요 침 테스트에서 좋은 적 뭐냐면요 일단 자기가 들었을 때 꽂히는 거 긍정적인 거 잘 활용하시면 되요 좋게 해석해서 내가 사는 데 기분좋은 원동력이 되면 바람직할 것 같구요 나쁜거 들었을 때 그래 역시 많은 이런 인간이야 나는 역시 운이 없어 이런 생각하실 필요 없고요 누구나 내면에 갖고 있는 어두운 부분이나 조금 부족한 부분을 내가 꽂혀 쓸 뿐이지 내가 평생 그런 사람 이라는 얘기는닙니다 사랑은 자라면서 계속 변화하고 성장한다 벌써 이제 or 됐는데요 우리가 코로나 때문에 불안하게 시작을 했는데 그래서 한 달이 지났습니다 5월에는 조금 더 밝은 마음으로 지내셨습니까 좋겠고요 사적인 정신과 에서는 정말 사적인 고민을 했습니다 병원에 가시지 않아도 같이 해결할 수 있는 팁을 드립니다 구독과 좋아요 눌러 주시고요 다음시간에 또 만나요 폭식 암의 스트레스가 해결될까 자기 학대 이에요 자기가 그런 스트레스나 심각한 고통을 해결할 수단이 없어서 먹는걸로 감정을 나한테 쏟아내는 거예요
https://www.youtube.com/watch?v=keFWyez7v6I,[사적인정신과] 잦은 실수로 위축되는 당신에게 필요한 처방 / 14F,이 사람이 너무 잘하려고 경직 되면요 오히려 역효과가 난다 약간의 분노 감정 같은게 참는게 믿어 라고 생각을 하는데 쌓이기 시작하면 은 결국 튀어나와요   사적인 정신과에 오신 여러분 반갑습니다 오늘 4척의 서연은 어떤 것이 있는지 바로 시작해 볼게요  사회생활 한지 이제 3년이 되어가고 있는 직장인입니다 제 고민은 실수 할까봐 너무 두렵다 는 건데요 남들에게도 피해가 갈까봐 걱정도 많이 되고요 가끔 제가 일하다가 입력을 잘못해서 오류가 나면 스스로에게도 좀 화가 나더라구요 저번에는 과장님께 좀 안좋은 소리를 들었어요 하는 거에 비해서 성과가 나지 않는 것 같다면서 더 노력을 해 보라고 하시는데 그 뒤로는 제 자신이 더 위축되는 것 같그것 때문에 잠도 잘나요 회사에서 집중도 잘 안되고 다른 사람들도 다 그렇게 사는데 제가 너무 오버하는 걸까요 2분이 굉장히 이 능력치에 대해서 고민을 많이 하고 계세요 뇌가 정말 신비로운 게 사실은 알아서 자기 역할을 합니다 우리가 이십 년이 던 30년 잇던 살면 요 살면서 겪었던 거 배웠던 거 이런 것들이 정말 사실 다 들어가 있어야 되요 다만 내가 기억을 할 수 있고 없고 차이 일뿐 이거든요 이 말은 내가 사실 자연스럽게 어떤 일에 몰두를 하고 편안한 마음가짐을 가지면 요 여튼 내가 알고 있는 정보 내에서 내가 할 수 있는 기술 내에서는 가장 최적의 효과가 나온다는 거예요 근데 만약에 내가 너무 잘하려고 긴장을 하잖아요 그리고 내가 뭔가 의식적으로 자꾸 하려고 하잖아요 그러면 그 순간에 할 수 있는 것만 발휘를 하는 거예요 그 나머지 많이 놓지 줘 심리학적으로 는 2 원랜 다 효 거라고 해요 이 칼 원랜 달하는 미국 공주고 개 사가 있었는데요주 너무 잘하시는 분이 와서 넘어 실수가 없구요 뭐 그냥 날아다니는 그런 분이었는데 은퇴 공연을 하기로 하고 오늘은 정말 마지막으로 뭔가 보여주게 따라 고 생각했어요 근데 이 한 번도 실수가 없었던 이 선수가 어렵지도 않은 곳에서 떨어졌다는 말이죠 이 사람이 노 잘하려고 9 스트레스를 받고 경직 되면요 자기가 갖고 있는 능력을 다 활용하지 못하고 오히려 역효과가 난다 조금 마음을 내가 일을 즐긴다 할 수 있는 만큼 내가 그냥 즐기면서 하면 매도에 가 알아서 잘 해준다 라고 믿음을 갖고 중요할 거 같고요 그렇다고 우리 친구들이 공부를 안하고 마 그냥 마음편하게 씀 시험을 잘 보겠지 이건니에요 예 정보가 우선 있어야 돼요 한번에 보고 기억을 해야 돼요 내 기억 속에 들어와 있는 것은 어느 순간을 나옵니다  2분은 굉장히 남는 체를 많이 보시는 것 같아요 물론 자기한테 도 관대하지 못하신 분이 이긴한데 남한테 피해를 줄까봐 놓은 걱정을 하시는 분이 주거든요 우리가 어그레션 이라고 하는 이 약간의 분노 감정 같은게 쌓이기 시작하면 은 어느 순간 나도 모르게 어떤 상황에서 이게 튀어나오게 가 싶다는 거예요 자기 감정을 잘 드러내면 안 된다고 배운 어 사람들이 많기 때문에 참는 게 미덕 이라고 생각을 하는데 감정이라는 게 태교를 안하면 요 그게 어떤 식으로든지 흘러 나오는 데요 이수동 공격 이라는 표현이 있거든요 예를 들어서 알 크래머 내가 잘못했지 뭐 내가 내가 죄인이다 4 뭐 내가 부족하지 뭐 이런식으로 봐 이 딱하게 공격하는 거에요 적절하게 잘 해 걸 푸는 방법을 잘 우선은 발견을 안하시면 은 나중에 자기한테 화를 내거나니면 남한테 삐딱하게 공격을 해서 상처를 주고 결국에 자기한테 돌아올 수가 있어요 죄책감 가는거 업 악마 떨어지는 그리고 집중력 떨어지는 게 뭐 이러다 우울증 증상 이거든요 이제 이 사연 보내주신 분은 다행히직 의혹이 남아있고 일상 생활에까지 는 크게 무리가 없으신 것 같아서 우울증으로 진단을 하지는 않겠습니다 이런 것들이 계속 지속이 되거나 도 심해진다 싶으면 사실 이게 이 우리가 말하는 우울증의 어 전조 증상 혹은 어떤 경한 우울증 이 됐을 수 있습니다 2 실수는 누구나 한다 고 하지만 사실 자기 실수의 관대하게 좀 어렵죠 강점 이라는 개념이 있어요 장점이니에요 내가 갖고 있는 많은 여러 가지 성격 중에서 가장 튼튼한 강한 부품을 얘기를 합니다 꼭 그게 남들보다 잘하는 한 것일 필요도 없어요 내가 갖고 있는 것 중에서 내 대표 무기 있죠 그래서 이 대표 무기를 활용해 서 내가 좀 부족한 부분이 있더라도 내 인생 끌고 갈 수 있다 이렇게 강점입니다 실수하는 것만 고 지니지 마시고요 현재 지금 상태에서 내가 갖고 있는 모든 자원을 충분히 잘 활용 하셔야 되고 그러렴 0 가장 마음이 편할 때 최적의 결과가 나온다 이 부분을 잊지 않으셨으면 좋겠습니다 사적인 사요 보내주신 구독자 분 감사드리고요 다음번에도 구독하기 좋아요 눌러주시고 저희 사적 이 정책관은 다음시간에 또 만나요 저도 고등학교때 2 mbti 했는데요 mbti 는 요 나는 어떤 사람이 있을 때 답을 내고 싶어 지잖아요 이 심리 테스트를 했을 때 자기가 생각하게 자기가 맞는 것에만 꽂혀 더라
https://www.youtube.com/watch?v=ydxyI43K_K4,[사적인정신과]  오래전 헤어진 연인이 지금도 생각나는 건..사랑? (feat.구남친구여친),강렬한 감정을 느꼈던 기억은 요 빼 내려고 해도 뭐 뭐 그래 그때 유로 5 2 냄새만 맡아도 나는 막 탈거 이 앞을 나는 4:44 에만 시계를 걸까 홍대가 이해를 경험 하지 않았는데 어디선가 본거 같다   4.2 정신과 의사 나 헤라닙니다 오늘은 어떤 사적인 사연이 왔는지 바로 시작해 볼게요  선생님 일단 그가 떠올라서 그리움은니라고 못 박아두고 써봅니다 스무살의 대학교에서 만난 남자친구가 있었어요 특히 노래를 잘 불러 거거든요 엄청 남자 노래 잘 불러주면 참 보시죠 그 박효신의 눈의 꽃시죠 요 노래를 불렀어요 그런데 문제는 지금 새로운 연애를 하고 있는데도 눈에 꿈만 들으면 그 얼굴이랑 이름 세 글자가 제 머릿속 을 쓱 하고 스쳐 가요 근데 그리운 것도니고 보고 싶은 것도닌데 말이죠 뿐만니라 이 전 남친이랑 자주 가던 보호원 해봐도 그때 기억이 떠오르더라구요 기억하고 싶지 않은 것들이 떠오르는 이유는 대체 왜 인가요 이런 경험은 누구나 있으시죠 광화문연가 를 들면 광화문 의 2마리 제가 있었던 생각이 많이 나더라구요 예 otm 알기나 나무들 이게 왜 그러냐면 요 2 뇌가 정말 신기해요 뇌를 여러 보잖아요 그러면은 뇌에는 기억을 저장하는 저장공간 참고인 할말 않곳이 있어요 그 해마 옆에 암이 그 달라 라는 게 딱 붙어있어 감정을 조절해 주는 역할을 해요 이 감정의 정도에 따라서 기억을 강화시켜 줍니다 어떤 기억의 굉장히 기분이 좋구요 또 어떤 추억은주 기분 1 불쾌 해요 이렇게 감정이 기억이란 같이 저장이 되는데요주 강렬한 감정을 느꼈던 기억은 요 기억이 떼 내려고 해도 너무 오래가요 근데 별 생각 없었던 일 들으면 대부분 잘 떠올리면 기억을 할 수는 있지만 보통 때는 떠오르지 않을 정도로 기억이주 얇아요 예를 들어서 오늘 점심에 그냥 혼자 밥 먹을 거 별 생각 없어요 예 감정이 없어요 옛날 남자친구와 현재는 그리워 하지 않거나 잘 기억이 안 나더라도 그때 당시에 이 눈의 꽃을 들으면서 하 무엇이 따로 너무름답다 이런 강렬한 감정이 남았다면 그노래 드릴 때마다 생각날 수 있구요 좋 거 나 라는 게 있어요 기억이라는 게 정말 자기가 내가 알아서 이렇게 기억을 다 도 모르게 막 빛을 해주거든요 뭐 예를 더 어렸을때 김밥이 오히려 먹는것을 한번 채 했는데 그때 유로 5 1 냄새만 맡아도 나는 막 털 것 기억이 야가 얘기한 것처럼 조건이가 돼서요 오이 하면 체 한거 얘기 구토 이런 식으로 머리 알아서 저장이 되어 있습니다 그래서 나는 그렇게 생각 안 해도 눈의 꽃 들으면 날려 쭉 이렇게 예 조 거 나 가 됩니다 내가 의식적으로 하는 게니라서요 나중에는 이 떼어내려고 해독 떼어 내기가 힘들어요 이런 것도 있어요 이건 2시간을 봤는데 4:44 인 거에요 이 앞을 나는 4:44 에만 시계를 볼까 2444 4.44 기분이 않잖아요 2 4 4 라는 것은 내가 기본적으로 우리가 죽을 사 라고 하는 나쁜 의미로 생각하고 있기 때문에 머리속에 어 나쁜 숫자 이렇게 기억으로 이미 저장되어 있는 거에요 근데 예를 들어서 뭐 6 이나 삶이나 이런 숫자는 별 의미가 없기 때문에 어 내가 6:38 반 답 어플로 의미합니다 뭐 3:26 그냥 지나가는 거예요 시간을 여러 시간을 봤을텐데 유독히 그 시간만 선택적로 기억이 다 누군데 이런 거 있고 의미로 붙혀 가지고 오는 애가 4:44 을 봤으니까 대부분이 없겠지 요그 이상하다 짐 조가 안 좋뭐 이렇게 생각하는 친구들이 있잖아요 물론 뭐 그런게 있을 수 있지만 과학적으로는 이런 원리가 있습니다  특명 내가 이 일을 경험하지 않았는데 어디선가 본 것 같다 이런 생각이 들 때가 있죠 게잡이 우 현상이라는 게 있어요 실제로는 이제 그게 여러 어떤 이 장면들이 그 기억에서 혼란이 온 거죠 예를 들어서 내가 친구를 봤었고 그 다음에 내가 익숙한 공원의 있었고 이런 여러가지 익숙한 장면들이 조합이 돼서 한 번도 경험을 안 했는데 같이 있는 것처럼 착각을 하는 거에요 그래서 디어 게 헌 성이라고 이야기를 하는데 이거는 사실 과학적으로 어떤 현상이지 100% 규명이 안 됐어요 이 좋은 기억만 나오면 좋겠지만 우리가 좀 나쁜 기억이 더 많이 생각날 때가 있잖아요 예 나쁜 기억이 좀 강렬하게 감정이 남설 거예요까 이야기 되는 것처럼 감정은 기억을 집에 안 좋은 기억 맛 선별적으로 가질 순 없지만 매사에 즐겁게 좀 반응을 한다면 은 기업도 좀 좋게 포장이 될 수 있습니다 연애가 끝나고 나면 사실은 좀 좋은거 밖에 기억이 안나죠 비슷한 원리입니다 좋은 기억 남기신 은사로 되셨으면 좋겠구요 양적인 오심과 또 사적 의 사연으로 다음 지원에 또 만날 게요 구독과 좋아요를 꼭 눌러 달라고 하네요 부탁드릴게요 다음시간에 또 만나요 남한테 눈치를 보고 내가 항상 피 안 주려고 하고 이런 분들의 특징은 쌓이기 시작하면 은 결국 키온 i r 그래 뭐 내가 잘못했지 모태가 내가 죄인이다 나중에 자기한테 화를 내거나니면 남한테 끼 부탁하게 생겨 그래서 상처를 주고 결국에 자기한테 돌아왔습니다
https://www.youtube.com/watch?v=1mYvAmLLhho,[사적인정신과] ‘너가 예민한 거야!’ 나를 세뇌시키는 가스라이팅 / 14F,카 스 라이팅 이라는 얘야 너는 잘못됐어 라고 하면 실제로 잘 못한 사람이라고 생각하게 되기가 쉽다는 거에요 애인 관계는 둘만의 어떤 그 역학관계 역동 관계가 있는데요 연애 라는 것에 pc 뭘까요   정신과 전문의 나의 란 입니다 첫 번째 사연 한번 같이 볼까요 해난 쎔  남친이랑 또 싸우고 너무 답답한 마음에 메일을 보내요 저는 24살이 고 제 남친은 저보다 6살이 많아요 30 산 시네요 예 사귄지 네 벌써 3년이 넘었구요 어제 제가 동아리 사람들이랑 저녁 겸 술을 마시느라 집에 좀 늦게 들어왔어요 12시가 좀 안된 시간이었는데 남침 2 그걸로 또 화별 되는거예요 남자 만난것도니고 동아리 사람끼리 모여서 노는 거 였거든요 제가 그냥 과제 때문에 남자 선배를 만나기라도 하면 남자를 밝힌다 고 계속 그러고 남자 하고는 연락도 하지 마라 1 항상 그렇게 얘기를 한다는 거예요 3번은 제가 뭐라고 했더니 야 그게 다 너를 위한 거야 라고 얘기를 하고 너가 너무 예민한 거라고 하더라구요 어느새 친구들을 양도 멀어 줬어요 작년에 친구들이랑 너 행하려고 비행기 랑 숙소로 다 이해를 하고 계획도 짜 썼는데 남친이 왜 맘대로 여행 가냐 라고 하더라구요 제가 친구들이랑 여행가면 자기가 넋 불안한데 그걸 모르나 면회 불안하죠 페이스 토기 진짜 시간 마다 와서 친구들도 너무 불편해 고아라 뭔지 줘 친구들이 말하길 제 남친이 너무 집착이 심하다고 하더라구요 남친은 진짜 저를 사랑하고 생각해서 그러는 것 같긴 한데 이거 제가 너무 예민하게 반응하는 거겠죠 우선 이 사용 문의 신 분 굉장히 힘드실것 같아요 니 남자친구는 큰 과 생보 받긴 1개 친구들 얘기한 것처럼 집착이 좀 심해요 여자친구도 인가 관계가 있잖아요 그냥 자기 생활을 하는 것뿐인데 너는 왜 이렇게 내가 불안한 걸 이해를 못하니 라고 여자친구한테 오히려 잘못을 자꾸만 드는 것 같나요 그럼 잘못하고 있나 근데 친구들은 여자 친구들이랑 여름에 여행한 게 잘못인가요 근데 이 관계에서 조금 위험한 건 요 남자친구가 여자친구 한데 니가 잘못한 거잖라는 어떤 가상의 프레임을 역할을 주고요 여자친구는 맞사슬은 내가 남자친구를 불안해서 잘못했지 라고 받아들이는 가상의 어떤 관계가 설정이 됐어요 카 스 라 이 핑 이라는 개념이 있어요 가스트 등 이라는 영화의 어떤 남자가 자기 부인을 어떤 방에 놓고 조명을 어둡게 자가 만들어 놓고서는 여자가 그래서 조금 뭐 온것 같은데 라고 했지만 야 뭐가 꿈에 니가 그렇게 그냥 생각하는 거잖라고 얘기를 하고 또 불을 약간 밝혔을 때 어 자가 밝아진 것 같은데 라고 얘기했더니 만니야 똑같은게 니가 그냥 그렇게 생각하는 거 잖라고 주입식 세뇌를 시킵니다 어둡게 느끼는 것도 사실이 없고 밝아진 것도 사실이 어느 에 남자가 얘기하는 것을 고대로 믿게 된거죠 또 우리가 사랑한다고 하는 에잉 관계는 사실 남들이 알 수 없는 둘만의 어떤 그럼 역학관계 역동 관계가 있는데요 정말 밀접한 관계가 되면 실제로 이 사람이 어떤 사람인가 나한테 어떡해 주는가 이런 것보다는 내가 생각하는 나 그리고 타임 마음속에 있는 내적 대상관계 라고 해요 그래서 내 마음속에 나는 이런 사람이고 타이는 이런 사람이야 라는 게 나도 모르게주 친밀한 관계가 되면 튀어나온 다 그렇죠 그래서 당하는 사람을 자꾸 당하는 게 당연하다고 생각할 수 있고요 괴롭히는 사람은 괴롭히는 게 당연하다고 생각할 수가 있고요 핵심은 안정적인 관계라고 둘이 받아들인 다는 걸 남들 9개는 도 자꾸 이런 남자를 만난 이 피하는 여자를 만난 이 라고 얘기를 할 때는 내가 사실 이런 관계의 익숙한 사람이닌가 사실 엄밀하게 말하면 자기로 반 정도 책임이 있다는 나빠서 책임 있는 게니고 내가 나를 좀 돌아와서 사실은 나한테 도움이 되고 나한테 잘해주고 행복을 주는 사람을 만나야 되는데 가 애를 하는 것 자체를 내가 안정감있게 받아들이는 거니까 이걸 너무 당연하게 내가 익숙해 진것 합니까 라는 것을 조금 생각을 해 보실 필요가 있다는 거죠 반면에 조금 다른 의미인데요 관계 사람 사이 라는 것은 굉장히 기대하는 대로 또 가기도 해요 이 사람한테 긍정적으로 잘한다 잘한다 하면요 실제 롭게 변해요 노제 탈 실험 이라는 건 있어요 전 로젠탈 10월 뭐냐면은 초등학교 애들한테 몇 명을 뽑가지고 선생님한테 명단 없었어 이런 이런 애들은 굉장히 우수하기 때문에 엄청 잘 될 거예요 실제로 걔들은 우선 애들이니었거든요 네 그냥 똑같은 애들 중에 일부를 그냥 선정을 한 것 같는데 1년 누에 그 애들이 총과 훌륭하게 많이 바뀌어 있었대요 근데 긍정적인 방향으로 많이 바뀌어 있었다는 거죠 피그 만료 * 하곤 하는데 이 관계에 영향을 받아서 나란 사람을 내가 인식하는 것도 많이 바뀔 수 있고요 사실 내가 너무 잘하고 있어도 엄 1 접한 관계에서 야 너는 잘못됐어 라고 하면 실제로 잘 못된 사람이라고 생각하게 되기가 쉽다는 거예요 사실은 제가 넘 힘들어 뭔가 힘든데 자꾸 이상이 반복돼 그러면 이게 사랑이니라 내가 갖고 있는 어떤 마음의 약점이나 내 약정 때문에 내가 계속 자꾸 넘어지는 1일 수 있겠구나 그리고 난 타지 넘어지지 않게 이런 부분을 보완 해야 겠구나 라는 생각을 좀 해 보셨으면 좋겠습니다 c 연애라는 거의 pc 뭘까 연애는 제가 보기에는 정말 그 사람을 갖고 있는 가장 친밀한 관계를 다시 느껴볼 수 있는 자여 생각하는 인간에 대한 최대한 신뢰를 시험해 볼 수 있는 뭐 이런 행위 라고 생각을 하는데 연애를 하는 것은 어떤 얘도 좋다고 생각해요 하지만 그런 여러분들이 조그 토 그 과거에 내가 겪었던픔 때문에 현재에도픈 관계를 반복하는 그런 실수를 하지 말고 거기서 빨리 벗어나 와서 좋은 행복한 관계를 찾을 수 있는 그런 사람이 되셨으면 좋게 제가 오늘 준비한 곳은 어수선 하에 요 수선화의 꽃말은 자존감 이에요 내가 잘나서 나를 좋아하는게니고 요 내가 부족하다고 나를 미워하는 게니고요 그냥 나는 나이기 때문에 그냥 와 다 드리고 사는 거예요 예 그게 자존감 입니다 그래서 여러분들한테 2 봄날의 음 자존감 갖고 즐거운 면에 행복한 관계의 가졌으면 좋겠다는 생각에서 수선화 선물로 드리고 다음 시간에 만날 게요 다음시간에 또 만나요
https://www.youtube.com/watch?v=vdUX14GX8yU,[사적인정신과] 조금만 아파도 큰 병에 걸린 것 같다면 이 병을 의심해보세요 / 14F,글로 보스 히스테리 카라는 목이 막힌 것 같아요 슬쩍 구토를 하기도 하고 가보는 감옥을 넘는거 자기가 불안해서 상상으로 만든 병들이 실제로 패 있군요   여러분 정말 오랜만이죠 또는 지난 시즌 에서 여러분의 걱정들을 같이 이야기했던 조식과 저놈이 나의 란 이라고 합니다 이번 시즌에서는 여러분들의 고민을 불 더 쉽게 이야기 하실 수 있는 곳을 만들어 보려고 하는데요 오늘 어떤 사연이 도착했는지 바로 시작해 볼까요   교수님 정신과 코너와 애청자 입니다 고맙습니다 예 3 코로나 바이러스 때문에 너무 힘들어요 그래도 적 조림 드내요 제가 감염된 것 같거든요 하루는 기침도 계속 나오고 목도 조금씩프더라구요 암이 엄한데 예 그래서 검사를 받았는데 결과는 음성 이었어요 그런데 사실 못 믿겠어요 음성에 나왔는데도 그런 거죠 검사결과가 다시 나올까봐 불안하고 매일 매일 집에 있으니 우울하고 무기력해 요 친구들이 저도 너무 예민 한거니냐고 상상 코로나 병 액 걸린거 라고 하네요 상상 그러나 예 요새 이런 분이 많아요 그런 생각만 하면 머리도 너무프고 잠도 제대로 못자 고민이 많았어요 이렇게 걱정 많은게 병 일까요 라고 사연을 주셨습니다 근데 이 걸리는 것도 무서운데 사실 요새 친구들이 호 걱정하는 것은 혹시 걸렸을 때 내가 남한테 민폐를 줘서 남들한테 욕 먹을까봐 노 100 고리가 더 몸이 안 종점에 공기가 써 동선이 우리가 어 밝혀지자 나요 그래서 않혹시 여기 갔다가 이거 가 남들이 알게 되는게닐까 이런거를 엄청나게 걱정을 하시더라구요 근데 다만 2분은 이코노 증상이라 게 보기에는 조금 다르게 숨도 안 쉬어 지고 답답하고 무기력하고 까지 이거는 거의 어울 중간 탱크 코로나 에 의해서 걱정 때문에 생기는 일종의 무기력증 불안증 우울증 그리고 이제 우울증이 있으면 잘 알려져 따 주님이 있고주 작은 병에도 더 쉽게 탈이 납니다 연역 제가 만성적으로 떨어지기 때문에 이 마스크 보 끼시고 이 외부로 좀 나가줘 가지고 활동량을 너무 줄이지는 않았으면 좋겠어요 집에만 있어 오히려 면역력이 반 떨어져요 요새 그것 때문에 오히려 병행할 것 같다는 사람들이 많거든요 코로나 에 지는게니고 우리가 보니까 5 새 불안해 지고 있었어요 그래서 실제로주 철저하게 방역을 하고 조심 하는건 정말 필요하지만 일어나지 않은 얘기나 과도한 브라스 쎄고 4 우리가 먼 초 질 필요는 없을 거 거든요 그것을 제가 꼭 얘기를 드리고 싶네요 222  내년이면 서른 살이 되는 직장입니다 제 고민은 제가 병에 걸릴 것 같너무 불안한 봅니다 그래서 예방 하려고 멀티 비타민은 물론 오메가 루테인 마그네슘을 먹고 요 녹용 흑마늘 양파 양배추 즙 같은 건강식품을 쌓아놓고 먹습니다 야근을 하고 업 암 늦게 집에 들어간 적이 있었습니다 머리도 지끈지끈프더니 속도 안좋고 너무 피곤 하더라고요 그래서 또 면역력에 좋다는 약이나 보조식품 들을 잔뜩 샀습니다 또 사신 거예요 예 먹으니까 한결 나아진 것 같기는 한데 너무 무분별하게 먹는건 오히려 안좋다고 주변에는 걱정이 많더라구요 그런데 건강에 좋으라고 만든 약들이 안 좋을 리는 없잖아요 건강식품을 안먹으면플까봐 걱정되는게 이런것도 강박증 인가요 사실 약이 손으로 보면은 케미컬 이군요 화학 약품 그래서 이게 어떤 병에 걸렸을 때 염증을 없애 주거나 이러면 정말 필요할 저어 그런데 이게 약 이라는 게 왜 약인 줄세요 효과가 있기 때문에 이야기인데요 효과가 과 해지면 그걸 우리가 부자 금이라고 거죠 이야기는 모든 약에는 부작용이 다 있을 수 있는 거에요 그렇다고 약을 무수히 먹는다고 건강이주 무한정 예방 자고 좋아지는 야 그것은니라고 생각합니다 4 실제로 의학적으로도 그렇게 건강하지 않는 어 상황이고요 때 이렇게 건강식품을 안먹으면플까 봐 걱정 되게 강박증 인가요 약간 강박증 로 쓰신 것 같아요 왜 강박증이 잘 활용하면 은 굉장히 좋은 점이 많아요 완벽한 것을 추구하는 사람들은 물로 자기엔 좀 힘들지만 실제로 일에는 도움이 되는 경우도 많거든요 약을 많이 막거나 내 가옥은 어야 글 기술을 눌리거나 이래야지 건강을 챙기는 것이다 라는 잘못된 강박에 빠지지 마시고 건강한 습관 그리고 내가 제철에 있는 어떤 그 생생한 기운을 받들이는게 사진은 건강에 도움이 된다 이런 부분으로 살짝 바꿔 보면 좋을 것 같아요 2 3  20대 취준생 입니다 본론부터 말하자면 저는 봄이 싫어요 사실 여름 가을 겨울이 이제 다스릴 정도입니다 큰일이네요 4 왜냐하면 미세먼지 때문인데요 미세먼지가 제패를 안 좋게 만드는 것 같아요 당연히 여름에는 너무 심해서 공기청정기로 않습니다 저도 샀죠 리본 6개월 할부로 사셨나요 6개월 예 추천 생인데 6개월 알고 어플에서는 미세먼지가 없다고 해도 마스크를 꼭 꼭 쓰고 다녀요 미세먼지는 눈에 보이지 않는 거라 혹시 모르잖아요 그쵸 외출하고 집에 오면 무조건 1시간 동안 박스 있구요 매초 같은건 바로 세탁소 맡깁니다 이민을 갈까 생각도 해봤는데 현실적으로 건 어렵고요 언젠가 미세먼지 때문에 큰 병에 걸릴 것 같아서 너무 걱정됩니다 사실 요새 가 뜬 때에는 미세먼지를 걱정 안 할 순 없어요 이 실제로 미세먼지가 혈액을 타고 돌아서 수장 병이나 심지어 내에 치매나 일어나 물 발생 시킨다는 연구가 속속들이 나오고 있긴 하기 때문이죠 그 산은 진짜 이거 때문에 이민을 가야 겠다고 생각하시는 분들도 종종 보긴 했어요 그때 여튼 걱정을 충분히 공감을 하는데요 근데 2분은 5 조금 건강에 대해서는 유로 키 끔 더 심하게 염류 진 있으니 있으신 분인 것 같긴 해요 건강염려증 라는 것은 실제로 질병으로 등록이 되어 있을 만큼 생각보다 많은 사람들이 앓고 있는 병 이거든요 병이닐까 과도하게 의심을 하고 이것저것 약을 찾보거나 병원을 찾가거나 심지어 여기서 여기서주 핵심인 되요 병이니라고 의사가 얘기 하게 해주는데 끝까지 자기는 경우 간다는 여기도 이제 사용을 보내주신 분이 어플에서는 미세먼지가 없다고 하는데도 혹시 눈에무리 니까 있을지 모르잖아요 라고 체크까지 믿지 못하는 이거 사람을 힘들게 만드는 이 보이지 않는 공포심 인데요 건강 영역 중 실현 어떻게 할까요 건강 염이 치우는 사실은 좀 이 책 마지막 없어요 건강 역시 걸리시면 은 우선은 자기가 의심이 되는 것은 확인을 받게 는 해야해요 또한 큰 병에 걸린게닐까 라고 의심이 되기 시작하면 사실은 한 번쯤은 검사를 해서 확인을 받는 게 치료의 1단계 이긴 합니다 그게니면 은 그 끊여 없는 불알이 늘 없을 순 없거든요 졌지만 없다는게 확인이 되면 그 다음부터는 사실은 걱정을 하는 것 자체가 병을 키울 수 있다 오늘 3사 연다 어 좀 코로나 바이러스가 하도 문제라서 건지 건강에 대한 염증 2 다만 왔어요 예 근데 이 건강 염증 누구나 잃는 게 정상이고 요 누구나 조금씩은 입구에 너무 없으면 그것도 사실은 좀 문제가 있죠 의대생 중국을 이란 게 있거든요 의뢰 생들이 뭐 막 경을 배우자나 요 위암 도 배우고 무슨 뭐 폐렴 뭐 폐암 온갖 위계질서가 배우니까 배우고 나면 내가 이 병에 걸린 것 같아요 실제로 저도 큰 상을 했거든요 누구나 어떤 질병에 대해서 노출이 되고 여기에 되면 불안해 하는 것은 자연스러운 현상이라는 거에요 예 다만 이거를 정말 병 이라고 생각해서 업무 내가 힘들다 싶으면 그것은 상상을 쭉 받아볼 필요가 있겠죠 또 하나 신기한 것은 1가 글로브 히스테리 카라는 병이 있어요 나는 목이 암이 생겼어요 혹은 뭐 목이 막힌 것 같아요 실제로 그 사람들은 목에 또 그렇게 꼬 막혀 있는 것 같은데요 직접 구토를 하기도 하고 목에 얘기 안 넘어 가니까요 네가 보면무것도 없는 거에요 이렇게 자기가 불안해서 상상으로만 는 병들이 실제로 꽤 있거든요 그리고 그런 상황이 오래 되며 실제로파질 가능성이 높기 때문에 과도한 불안 의 믿을 필요는 없으실 거에요 요새 콜라 때문에 밖에 잘못 나 가시죠 옷도 잘 못 보실 것 같아서 제가 이쁜 느낌을 좀 느끼 시라고 마지막 2 힐링로 꽃을 1 선물을 드리려고 합니다 다들 편안한 하루 되십시오 다음시간에 또 만나요  에 예 잡아줘 3
https://www.youtube.com/watch?v=tQ2l3DBic0I,[2020] 내년을 받아들일 준비가 안됐어요,시간이 왜 이렇게 빠르게 흐릴 까요 내년을 받아들일 준비가 안 됐는데요 정 연말 새해 난 뭔가 해야 될 것 같고 올 한해를 돌아보면서 하우 란에무것도 한 것도 신화 같구나 그러면 내년에 꼭 엄마 해야지 이런 그 계속 내가 뭔가를 새롭게 해야 될 것 같은 그런빠 부담감이 있다 봐요 근데 뭐 이런 얘기를 하는 환자 분들이 꽤 있는데 왜 연말에 뭔가를 완료 완수 해야 된다고 말해요니 새로운 것도 시작이 되니까 되돌봤을 때 따는 발전한 게 없는 것 같아요 뭐 이게 포인트 거에요 사실은 발전이라는 게일 연상의 로 뭐가 있고 이런 쏘듯이 는 거잖아요 대체적인 우리 인생은 꼭 1년 안에 눈으로 확인할 만한 변화가 일어나지는 않을 가능성이 높거든요 근데 연말이 되면 이거 자꾸 뭔가 진료로 26 어렵게 생각이 드네요 약 먹고 싶어하고 차게 늘 못할 수 에는 또 자 줘요 또 못한게 있으면 이제 또 내년 이란 기회가 오는구나 이렇게 생각할 수도 있는데 뭐 한것도 없이 한 해가 다 가다간 같은 1 탈 감 그런게 것들도 캡 키 크리스마스 때 혼자 있으면 더 많이 밀 용 이상은 우리가 예측할 수 없이 계속 흘러가고 사실은 해라는 거는 그냥 인위적 인 기준이 지 내 인생에서는 꼭 그게 어떤 터닝포인트가 1년을 주기로 올 순 없는 거거든요 그렇게 이제 그냥 우리가 인위적으로 해가 바뀐다고 정해놓은 시점에 내가 거기에서 뭔가 이어 내지 않았으며 는 나는 제대로 살지 않았다 너 한해를 뭔가를 완수를 못했다는 것은 사실 크게 샤크 필요가 없죠 내 인생 리 계획은 내년에 이루어질 수도 있는거고 쓰 척 하지만 하로 우리 이민은 성장하고 쌓여가고 있다는 거 정말 맞는 말이요 살 조 는 괜찮 2 가방 그럼 이렇게 한달 무탈하게 하루를 보내는 것만으로도 사실은 그냥 사실 성장하고 있는 거예요 연초에 세운 버킷리스트 대실패 올해도 글러 네요 셀프 라고 느낄 수도 있지만 버킷리스트 를 세우는 건 의미가 있어요 난 항상 내 인생에서 내가 중요하게 생각하는 일은 뭐냐 올해 내가 당장 필요한 일은 뭐냐 를 정리해 보는 건 되게 더 의미가 있고요 저는 그런 맥락에서 연초 나염 말이라는 것을 없고 어떤 완수를 위한 게니라 한해를 돌아볼 수 있는 어떤 체크 포인트 라고 생각했습니다 않나요 매년 연초에 계획을 세우자 나요 올 한해 완수 못했어요 근데 매년 똑같은 개가 글쎄요 근데 어느순간 보면 길게 봤을 때는 그래도 예전보다는 조금씩 조금씩 그 법에 대해서 다가가서 있는것 같더라 하자니까 올해 안에는 몬 잃었지만 은 그래서 작년보다는 임 옥 빼 좀 장 조금 받았고 결국 언젠가는 가겠지 뭐 나는 그래서 방향성을 세우는 의미로는 사실 정말 뭐 중요하고 의미가 있는데 방향성이 라는 거지 내가 원하는 시점에 그걸 꼭 달성한다는 거란 내용이 않은 건닌 것 같아요 근데 내년에는 올해 보다 꼭 행복해질 거에요 반드시 부디 꽂고 행복 강과 안 된다니까요 그렇죠내도 깎광각을 한국을 하고 그 희망하는 것을 나쁘다고 생각할 수는 없다고 안 하면 어떤 기준을 정해놓고 껀 항목이 라고 생각한게 문제 인 것 같아요 그래서 요즘 말하는 어떤 긍정 심리학이나 긍정 상태라는 것도 항상 내가 원하는 좋은 일들 많이 일어나는 것이 긍정이니고요 나한테도 나쁜 일이 일어날 수 있고 나한테 도 사고가 일어날 수 있고 내가 원하지 않는 방향으로 인생이 흘러갈 수도 있지만 그럼에도 불구하고 나는 내 인생을 소중하게 여기고 내가 소중한 사람들과 살아간다 이런 것들을 우리가 긍정 마인드 라고 합니다 행 복 해 줘야 된다 행복하지 않을 라는 것이니고 행동의 기준을 곡 어떤 사람이 되어야 겐 난 얘가 지금 뭔가 많이 부족한데 더 가져야지 행복해진 하라고 기준을 잡지는 많으셨습니다 좋게 중요한 많이 봤죠 저도 2019년 가장 행복한 일이 나 헤라는 막너무 국민 알아까 가 좋은 친구 하하 만 만난 것도 인생의 정말 커다란 행복 인것 갔어야 래 힘들었을 때 이렇게 힘든 얘기 같이 나눌 수 있고 어 같이 대화를 통해서 이겨낼 수 있고 한다는 것 자체가 좋은 사람들 많이 만드셨으면 좋겠어요 문을 얘기는 좀 어떠셨나요 올해 정말 따뜻한게 1 정동 있으신 거 거든요 그래서 따뜻한 마음으로 바로 만에 마무리 하시구요 내년에 또 다른 기회가 찾아오니 까요 우리 친구들 뭐가 더 가지지 않아도 충분히 뭔일름답고 행복하다 라는 마음으로 눈물이 또 내년에 또 만날 게요 rear 고생했네요  woo 노민우 5
https://www.youtube.com/watch?v=8Wkai3h-t8s,[크리스마스] 뭔가 해야될 것만 같다면 보세요,이번주는 좀 더 빨리 찾아와 쬲 이제 곧 크리스마스 인데 진짜 더 이상 정말 더이상 혼자이고 싶지 않은데 또 이런 지진에 띄었을 들에 하고 있는 우리 친구들을 위해서 저도 조금 더 따뜻하게 이렇게 세트를 꾸며 봤구요 따뜻해 보이나요 그 저도 혼자 하게 좀 쓸쓸해서 제가 오늘은 제 친구를 한 번 흘러 봤어요 궁금하시죠 우리 이정미 시라고 정리 제 친구인데요 테란 이란 친구랑 모임에서 알게 되는데 그 뒤에 사실은 상담 진로 제가 뭐 찾아갔어요 선생님 거 환자 를 만나서 매달 그때 얘기를 터놓고 하면서 친해졌고 멀쩡해 보이지만 속은 대할인 흙도 점이라 함께 얘기를 같잖아요 그래봤자 뭐 하셨어요 저는 뭐 가족과 함께 강연과 함께 뼈는 약속 넋 가족이 있어도 외롭지 않아요 크리스마스 때 뭔가 옆에 누군가 있긴 한데 뭔가 커서 비 같은 존재 어 투여 있는 같은 존재 그니까 한분이 계시고 어 크리스마스 주목해야 되는 건니잖아요 크리스마스 때 왜 나만 외로운 가 펄스 마사지 숍에 향상 이렇게 쓸쓸 했는가에 대한 이야기를 나눠보도록 하겠습니다 이 친구들이 보낸 음인 들도 같이 사법 배가 좀 해주세요 다른 사람들은 다 행복해 보이는데 체 처지는 왜 좋아할까요 크리스마스날 이벤트가 있는 날 약속이 없는 분들 만한 생각하구요 약속을 사실 크리스마스 때 다 각기 어렵죠니까 이게 너무 이론이 앉게 크리스마스 뭐 그냥 우리가 3 전날 중에 하나일 뿐이고 그게 나한테 어떤 의미를 꼭 갖다 줄 수는 없거든요 근데 이제 마치 그날이 되면 완료시 점 처럼 나한테 도 선물이 와야 되고 나도 뭔가 행복이 완성돼 써스들5 4 그래야 될 것 같은데 그 글올리기 없잖아요 내가 집에 있으면 되게 바보가 된것 같아요 나만 되게 루저가 된 것 같아요 누구도 그래서 나는 제공 감이 떨어져 좀 이런 느낌을 받는게까 행복하라고 만든 시즌 인데 그 때 더 사람이 남의 행복에 더 불행해지는 것 같은데 팀 4 크리스마스 인사들을 보면 안돼요 그 중요하고 나온 되요 1 싹을 올리는 사람들은 집에 있는 사람들은 어차피 안 올 이거든요 그러니까 나만 외로운 게니고 사람 다 똑같이 그냥 원래 그 상태인데 크리스마스 때 행복한 사람들만 부각이 될 뿐이다 맞아요 크리스마스에는 우리가 머리 소개 집단적으로 감고있는 행복 강박이 더 커지는 신이기 때문에 조금 그런 것들이 더 외롭고 슬프게 다가오 슈퍼 행복합니다 그리고 그만 크리스마스 행복 강 우박을 거리자 작년 이맘때쯤 헤어졌는데 요새 자주 생각나네요 야 야 근데 그거 알아요 추억할 남자 없다는 것 또한 스프가 왜 그래야 앞서 찌야 어설프게니에요무도 기억 r 남자와 구축할 남자도 없고 이것 마저도 되게 좀 슬픈거 어 마 작가를 양초의셨던 것 같은 느낌 그 추억하는 추억 할 수 있는게 있다는게 나주 마음이프기도 하지만 그게 사실 그 약간 그 우리 슬픈 이와 보거나 마음이 되게 2 감동 받으면서 있지 않고 2 벤틸레이션 낸다고 하죠 되게 정화 되는 느낌이 있잖아요 더 사실 어떤 슬픈 추억이 그 생각하면 무서운 분노가 올라오고 이러면 안되지만 약간 이릿한 추억이 있는 것은 사실 되게 살면서 저는 좋은 것 같아요 그런 추억이 없는 경우 마음에 재산이라고 생각해 가잖아요 앞으로 추억의 드라마 매운 추억의 지나고 나면 남는 것에 축 밖에 없잖아요 이 업톤 기억도 사실 돌아오면 은프기는 애만 나한테 굉장히 행복한 지난 5회 또 되게기 파는거름다운 추억이었다 호 통해 창 롱디 커플의 크리스마스는 어떻게 보내면 좋소 역시 이것도 펼 같았으며 중간에 하실래요 오냐 괜히 크리스마스가 사람을 안 오면 서운하게 만든 어 데이 크리스마스 약간 역효과 역작 용어가 오히려 해요 황현희 이날은 또 붙어 있어야 되고 의미가 있어야 되는 날이라고 생각하니까 커플들의 의외로 와 싸우기도 쉬운 난 것 근데 이거 쪽 스 크리스마스 때 너무 큰 기대치를 보여서 그런거 같기도 예 스페이스 바 쓰라고 해서 사실 프리 크리스마스 3 네 남자친구가 내 남자친구가 갑자기 그 날이라고 막 열어놓고 이끼 있는 건니잖아요 그 사람의 변화는 건닌데 거기에 미치지 못할 때 내가 좀 실험한 내가 좌절하고 실망하고 관계의 뭔가 좀 이렇게 뭐랄까요 상처 방울 s 마쓰에 좀 오히려 상처가 늘어나는 이유 중에 하나는 내가 어떻게 보면 더 크게 현실에는직 그런 일이 일어나지 않는데 현실의 산타는 없는데 자꾸 내가 저런 것들을 기대하기 때문에 오히려 상처를 좀 받가게 되는 것 같기도 4 연말에 뭔가를 완료 완수해야 된다 올랐네요 되돌봤을 때 일단 발전하게 없는 것 같아요 내가 거기에서 뭔가 이어 내지 않았으며 는 나는 제대로 살지 않았다 어 한해를 뭔가를 완수를 못했다는 것은 찾크크 시작한 필요가 없는 좀  222 0
https://www.youtube.com/watch?v=5kHR8Pz42SU,몇 살쯤 되면 불안하지 않을까｜진로고민 & 외로움 & 학업스트레스 고민상담,오오오 저는 10 8 입니다 어리고무것도 모른다고 생각하는 사람이 많아서 꼭 참고 살았는데 4시선이 되기가 너무 겁이 나요 너무 무서운 현실이고 다가오니까 도망가고 싶다는 생각을 해요 여기서 도망은 자살이 말하고 싶지 않제가 쓰는 표현이에요 엄마는빠에게 복원과 폭력을 당하면서도 관심 입어 팀을 잘 키워 주셨어요 엄마 때문에라도 관심이 살고 있는 것 같습니다 언제일지는 모르겠지만 쑥을 살이 되기 전에는 도망가고 싶다는 생각을 하고 있어요 진짜 저한테 어떡해야 할까요 왕상 오늘의 넘길 수 있을지도 잘 모르겠어요 고민 사연 텅 굳어 궤양에 여자분이 보내주셨는데요 어른이 되는 게 두려 옷이 되요 예직 내가 달하는 것도 없는데 성인 이라는 이름을 다는게 너무 겁이 나고 꽃이 뿡 가정 환경이주 편한 하진 않았던 것 같아요 더 망 쓰고 싶은데 도망 가는게 자살을 생각하신 다고 하셨어요 스무 살이 되기 전에 죽어버리자 이런 생각을 하고 계신 것 같아요 우선은 이 친구 너무 5 상태가 좀 걱정이 되구요 뭐 이렇게 자살을 생각하는 것은 일반적이고 정상적인 않죠 저한테 오는 학생들도 이런 문제로 힘들어 온 친구들이 많은데요 감정이 풍부한 식이 때문이고요 넌 항상 감정이 밝게 품 보면 좋은데 힘든 친구들을 참 많았어요 근데 저는 모르겠어요 제가 좀 더 나이를 먹은 사람 장에서 음 18 19 20 리면 말만 성인이 원래 인구 해요 왜직 다 볶등 게 당연하고 또 잘 못하는게 너무 당연해요 왜 저라고 자라 냈어요 4 40 50 60이 되면 은 정말 많은 걸 알고 다 잘 알까요 절대 그렇지 않아요 예 우리가 어떤 그 심리학 이론에 따르면 발 달 이라는 건 요 못 말고 마음의 발 달여 마음에 발달은 끝나는게니라 죽을때까지 계속 된다고 해요 어렸을 때 어 이제 사회에 생활 배우고 중고등학교 때 마음이 커서 어른이 된다고 하지만 어른이 되는 그 시점은 이제 그냥 내가 나를는 지점 정도에요 나는 이런 사람입니다 근데 사실은 요새는 내가 나를는 것도 사실 20살의 완성하게 는 어려운거 같아요 20살이 라는 나이가 어 법적 인거죠 많이 삼수 칼 수 있는 나이가니에요 내가 나를 알면 그 다음 단계로 할 수 있는 게 어떤 사람과 진정한 관계를 맺는 거에요 내가 어떤 사람이 줄 알아야지 할 수 있고요 관계를 맺고 나면 사실 그 다음 단계로 가족이나 질 사람을 챙기고 내가 못 가 사회에서 역할을 하고 이런 이상적인 발달 단계가 있어요 딱 나이가 정해져 있는 거니거든요 마음의 성장 속도도 사람마다 다르기 때문에 내가 조금 친구들 보자 나는 좀 부족한거 같은데 마음이 난직 다 목표인 것 같은데 걱정하지마 는 더 클 뭐예요 죽을 때까지 마음은 잘하게 되요 제가 좀 안타까운 것은 이 가정에서 부모님들이 조금 더 이 따뜻한 환경이며 는 춤과 이런 고민을 덜 했을텐데 이런 보듬어 줄 사람이 좀 덥게 보면 좀 부족해서 본인이 자꾸 자기 고민을 더 깊이 파고드는 것 같기는 해요 그 부분이 안타깝긴 한데 요 여튼 이 정도 나이의 고민하는 건 너무 당연하게 다 가지면 나이 들어서 뭐 할 거예요 왜 마음이 계속 자라날 시간에 필요하잖아요 그래서 너무 그 부분은 고민하지 않았으면 좋겠어요 5  미국에서 공부중인 대학생입니다 한쇼 이지만 여전히 손에 잡히는 것도 없이 조조 하지만 뭘 해야 될 거 거 헛헛한 마음이 자주 들어용 혼자라는 생각이 또렷하게 될 때 많이대로 사라져도 상관없다는 생각을 해요  가정만니라면요 요즘은 잠을 자다가 한두 번 이상 할게 요 화장실 더 자주 가고 배고프지 않은데 복식 또 합니다 자주 멍이 진행 기분은 더 왜 그러는건지 한국에 돌아가서도 이럴 거 봐 걱정이 되네요 그냥 제가 어느정도 인지 알고 싶습니다 그냥 운동을 열심히 하면 괜찮질까요 감사에는 유학생 분 사연 이네요 그쵸 미국 유학생들이 고민하는 분들이 많은데요 우선은 병원 가기가 쉽지 않잖아요 앱만 에서는 가서 비용도 많이 들고 이 정신과 는 꿈이 찾기가 쉽지가 않더라구요 그래서 고민을 하는 친구들이 많고무리 자기가 뭐 미국의 좋고 유학생활이 좋아서 간 사람이라도 혼자서 곡에서 지낸다는 게 쉽지는 않을 거 거든요 외로 기도 할 거고 친구가 잘 저어 정쟁 는 어때요 라고 여쭤보니 였는데 음 병이라면 겨우 길 수 있을 것 같아요 우울증 경증 정도 굳이 말하자면 다행히 중증 까지는 가지 않은 것 같고요 어 자기가 자기 자신에 대해서 조금 생각해 볼 정도 기 때문에 경증 인데요 싸인이 많이 있었어요 잠을 잔 드 자주 깨고 요화 장수도 되게 자주 하시는 것 같구요 폭식을 하시는데요 되게 심리적인 혹이 짐 이거든요 사람이 굉장 또 똑같은거 같은데요 또주 동물적 인 부분이 있어서요 라 음이 허하면 뭐라도 육체 라도 채우려고 해요 경험해 보신 분들만 처해 뭔가 스트레스 받을 때 많이 먹는 u 거거든요 풀 수 있는 방법이 그거 밖에 없어서 관계가 허탈할 때 많이 먹는 잘 안돼 경증 우울증 은 자기가 잘 관리하면 사실 치유할 수 있거든요 운동 정말 많이 주전 해요 특히 이제 미국 외국의 되시면무래도 운동하는 환경을 조금 더 좋잖아요 운동을 꾸준히 하게 되면 경증 우울증 정도는 극복이 됩니다 낮에 뺀 많이 보시구요 추우면 습해서 못 보겠네요 운동할 기려 까지 없을 수 있어요 우울증 원래 그렇거든요 근데 조금 노력하시면 생각보다 굉장히 개운해 줘 몸이 개운해 지는 게니라 정신이 실제로 뇌세포가 회복이 많이 됩니다 제가 알기론 유학생들이 정말 많이 겪는 어려움 일반적으로 여기서 힘들면 한국의 들어오시는 분도 꽤 많이 봤어요 조금더 뭐 심해지기 전에 보낸 이 좋은 해결도 주셨어요 운동 열심히 하시고 마음 편할 수는 친구가 있잖아요 조금 더 어 불편해도 사람들은 좀더 만나 쉽고 돌아다니면 또 좋고 5  저는 초등학교 4학년 때 시험을 망친로 공부에 집착을 합니다 공부를 너머에서빠가 흥 난 적도 있어요 어느날은 공부하다가 갑자기 20 헐떡이며 울었던 적도 있습니다 대학교에 가면 조금 널널하게 공부하는 줄 알았지만직도 강박에 사로잡혀 공부하고 있습니다 이러다 지쳐 시험 하루전에 공부를 못하게 되면 불안해서 손등을 손톱으로 마구 찌릅니다 뭐 제독 했어요 제가 공부를 하는 건 장학금 때문이에요 이것도 장녀 콤플렉스 때문 인 것 같아요 어렸을 때부터 우리집에 가난하다 는 얘기를 많이 찍었거든요  남들보다 뒤처지는 것 같고 자존감이 많이 낮졌는데 참 막막합니다 이러다 보니 제가 연애 에 집착하는 것 같아요 남자 친구가 없으면 너무 불안해요 저 지금 괜찮나요 어렸을 때 초등학교 4학년 때 수학 시험을 멈추게 공부에 집착을 하는 버릇이 생겼네요 장녀 컴플렉스 하는 것처럼 잘해야 된다는 강박관념 있으셨던 것 같아요 왜 이런 경우 많죠 부모님 이 때 열심히 사시고 힘 드십니까 나도 부 만큼 잘해야 된다 특히 내가 작년 이까 장남이 니까 내가 이렇게 밖에 못 하는 거에 대해서 죄책감이 들고 꼭 튀게 그런 경우 많아요 본인이 자기 사연을 써주시면 서 어느 정도의 원인을 또 분석을 잘 해주셨어요 보통 이제 얘기를 하다보면 차기 가 알게 모르게 자기 이제 원인을 알고 있는 경우 많거든요 개수를 다 갖고 있는데 잘 꽤 지 못해서 그 원인을 잘 통합하지 못하는 경우가 많아요 이 친구가 기본적으로 남의 눈치를 많이 보고 남을 항상 이렇게 많이 신경 씀 친구는 것 같은데 그래도 남자친구는 조금 더 내 편이라고 생각을 하는 것 같아요 4 남자친구가 없으나 그래서 불안 한거죠 내편 한번 밖에 세상에 없는데 1명 없으면 내가 없는 것 근데 답이다 나왔는데요 2층 만들기가 너무 없어요 사실은 자기 중심의 조금 부족하고 요 주위에 친구 부모님 중요하지만 코 병을 내가 내 몸을 색칠 정도가 돼서는 안 되죠 어 사실 모든 사람이 다 모든 분야에 뛰어날 수 없기 때문에 뭐 못할 수 있어요 못하는 것을 잘는건 중요한데 그렇다고 해서 그게 내가 못한다고 나는 내 인생 전체가 나라 사람 전체가 쓰레기다 이런 생각까지 가능해 보는 것 같우스갯소리로 스트레스 때문에 암이 온다고 하자 정말 그래요 연구결과에 따르면 스트레스를 받으면 면역이 굉장히 많이 영향을 봤는데요 실제로 유전자의 어떤 텔로 뭐 라는 부분이 있거든요 공부하실 분은 알겠지만 유전자 끝에 사람의 수명을 관장하는 부분이 되요 텔로미어가 짧아지면 죽는 거예요 이 텔로미어가 짧아지는 가장 결정적인 스트레스 인데요 뭐 스트레스 받으면 몸이 피곤한 것 같잖아요 그 정도가니라 장기간 노출되면 결국 암에 걸리는 부분이 굉장히 끝까지 내 심장 혈관의 염증 도 많이 생기고요 공부 강 방 있을 수 있죠 강박 은 사실 자기를 발전시키는주 좋은 원동력이 102 도 하거든요 컴플렉스 누구나 2초 콤플렉스 없는 사람을 사람이니라고 해 주는 프로젝터에 얘기한 적도 있어요 예 누구나 조금씩 의 브라스 침과 조금씩의 부족함은 있나 그게 정상이다 라고 얘기를 하죠 다만 이고 때문에 내가 없어지면 안 돼요 내가 머리로 다 담을 알고 있어도 나를 이해시키는 과정이 시간이 자기 자신에 대해서 조금 편안하게 생각해보는 기간을 좀 가질 수 있으면 좋겠어요무래도 약하다 보면 그 외롭고 적응하게 조금 어려운 분들이 많이 있으실 것 같아요 사연 많이 보내주셔서 정말 감사드리구요 털어놓을 곳이 필요할 때 혼자만 끙끙 앓지 말고 털어 놓으시고 저희 계속 정신과 다음 식사 씨도 찾아주세요 오늘날도 조금 많으셨구요 다음시간에 또 만나요 cover  woo   hoo
https://www.youtube.com/watch?v=TteW-FeZQ8M,소모적인 인간관계에 지쳐버린 당신에게,누군가 관계가 망가지는 게 내 려 워 모든 사람에게 착한 사람이 되려고 해요 마치 나는 중요하지 않은 사람처럼 행동합니다 나를 미워하는 사람이 있으면 그 사람의 옮길 말들이 무섭고 그 사람으로 인해 내 평가 가져와 될까봐 두려워요 그래서 누군가의 연애도 쉽사리 시작하지 못하고 있습니다 나도 대 자신이 소중한 사람인데 남의 평가에 전전긍긍하며 사는 내가 너무 미워요 모든 사랑 한테 착한 사람이 되려고 하고 여기 근데 이 친구가 사실 4월에 답을 써 놨어요 착한아이 증후근 있죠 착한 여자 주목 음 뭐 착한 날 주목한 4 착한 제품 있죠 다 있죠 생각보다 많거든요 또 왜 그렇게 써 상담 항의 떠나 갈까봐 힘들까 군 두려워서 예 관계가 망쳐 버릴 까봐 보는군요 관계는 근데 결국은 쌍 강인 거예요 여러분 있을 수 있지만 어떤 내가 혼자 잘한다고 해서 절대로 좋은 관계가 이루어지지 않그 생각을 우선 다시 잡아야 되구요 내가 잘하면 그 사람이 나한테 잘해주면 꼭 그렇지도 않아요 예 내가 무조건 맞춰 준다 고 그 사람은 나를 떠나가지 않게 그렇죠 그 신경을 쓰는게 생각보다 상대방에게 다 전달이 돼요 인간 관계라는 게 굉장히 상대적 이라서요 사람이라는게 이기적 이거든요 그래서 어느 정도의 수평을 맞춰 주는 게 건강한 관계 접혀 게 필요해요 그게 더 오래갈 수 있고 그게 상대방이 달을 더 떠나지 않을 수 있어요 상대방 걸 알아요 이 사람이 얼만큼 관계 마음을 쏟고 있는지 알아요 인간은 누구나 이기적이라서 그걸 이용 하기 쉬워요 내가 관계를 잘 갖고 싶으면 내가 원하는 것에 대해서 어느정도 명확하게 나도 뭐 지분을 가져야 관계의 지분을 갖는 게 건강한 관계를 핫요가는 슈 나는 관계의 상처받고 싶지 않고 관계가 어우러지는 걸 원하지 않고 상대방이 떠나는 걸 원하지 않아요 그러려면 그럴수록 내 지분을 가져야 돼요 눈치 보는 것 자체가 오히려 관계를 바로 칠 수도 있어요 5 저는 동성애자 입니다 친한 친구들에게 커밍아웃을 했는데 다행히 반응이 좋았어요 그런데 커밍아웃을 하고 나면 마냥 우려 날 줄 알았는데 원에서 제가 눈치를 보고 있더라구요 마음이 복잡하고 계속 불안하고 부정적인 생각들을 하게 되요 친구에게도 가족에게도 말 못하겠고 병원에 가기엔 더 무섭고 부담이 됩니다 이야기할 곳이 없네요 이번 사연은 24살 남자 대학생 문의시 네요 동성애자 라고 소개를 해 주셨고요 10년지기 친한 친구들 한테 동성애자라고 커밍아웃을 하셨대요 초기 내가 말하면 후련할 줄 알았는데 그 뒤로 계속 눈치를 보시는 거죠 여튼직까지도 가족들한테 나주 이 얘기를 못 하시는 경우는 꽤 많아요 그것 때문에 스트레스를 받으시는 분들도 많고 내가 정말 원하는 것이지만 사회적으로 정말 혹은 내가 감당하기 어려운 일이 같이 오는 일들이 있어요 제가 비유하는 것은 뭐냐면요 이 버스 운전사의 은혜가 퍼스티지 전 사고 나는 이제 어떤 고속 버스를 몰고 있는데요 거기에 뭐 이것저것 막대가 원하지 않는 것들이 사람 기타 6 나는 이 버스를 몰고 내가 가고 싶은 곳으로 가야 돼요 거기만 가면 되어 나는 근데 어 새 사람들을 태웠는데 사람들이 나 같지가 않으니까요 어떤 사람은 너무 시끄럽고 요 어떤 사람은 어 오빠 나 바쳐서 발로 차고 요 그럼 여기서 어떻게 할까요 버스 에서 내려서 그냥 안 간다 라고 할 수도 있고 하지만 나는 여튼 에 버스운전 해서 내가 원하는 목적지까지 만 가면 되니까 참 꼭 가자 할 수 있거든요 내가 정말 원하는 것을 다루고 때문에 놓치는 야니면 그냥 받아들이고 안고 가느냐 사실 생각하기 정말 한꺼 차일 수도 있거든요 2 다른 이유 때문에 내가 원하는 것을 포기하는 거 너무 우리 서옹 거에요 조끔 비유가 다를 수 있지만 여튼 동성애 라는게직까지는 조금 내가 음 다른 많은 사람들한테 이야기하기 어려운 것일 수 있죠 물론 그런 부분이 있겠지만 여튼 내가 내 부분이고 내가 안고 가야 될 부분이며 뭐예요 않고 갈래요 그냥 어차피 않고 갈꺼면 너무 다른 뒷사람 4 버스 에타 해운 다른 사람들을 신경 쓰기보다는 내가 운전하는데 집중해서 내가 운전하는데 보면 옆에 사실은름다운 경추 도 있고 앞에 좋은 투명도 있거든요 그걸 보면 돼요 예 뒤에 사람 신경 쓰지 말고 여튼 내 인생의 버스는 내가 물고 내가 원하는 것으로  인간관계가 이렇게 힘든건가요 10년 가까이 된 친구의 오늘 끊고 호 거기다 정말 좋아할듯 남자친구가 표 7 전 이별 했어요 잠을 자도 3번 깨는 덱 꿈에선 자꾸 10년지기 친구 나 전남친이 나와요침에 눈을 뜨면 심장이 너무 크게 뛰고 두근거림이 일상에서 반복됩니다 5 사람에게 지쳐서 그런 치 모두의 열나게 피하게 되었고 사람들을 만나기도 힘들어요는사람 가빠 조직이 시로 눈치보며 걷게 됩니다 이런게 1 2 쌓이다 보니 제가 많이 지쳐있는 앞 와요 그동안 밝게 달리던 저는 제가니었던 것 같아요 그 자 극복할 수 있을까요  다음 사원은 관 텍이 에 관한 것이네요 저는 권태기 많치관 택일을 최근에 알았는데 관계 때문에 분 테가 없는 쪽수 쉽게 에 대한 건 테 인간 공개돼 스트레스를 많이 받고 어 사용 보내신 분은 10년 가까이 제 친구랑 최근에 연을 끊어 셔 때요 이거 조금 어떤 이유때문에 궁금하긴 해요 그리고 여기 또 정말 좋아했던 남자친구랑 며칠전 이별을 하셔야되요 꿈의 막 그 10년지기 친구 나 전 남자친구가 나온데 너무 힘든가 봐 진짜 너무 힘들고침에 눈을 뜨면 그래서 심장이 너무 크게 뛰고 가슴이 두근거리는 꿈에서 내가 경험하는 감정이나 이런거 있잖아요 실제로 닭 않는 거예요 꿈에서 겪는 게 내가 낮에 경우는 거랑 똑같아요 예 그래서 꿈에서 막 화가 나잖심장 빨리 깨고 요 꿈에서 막 슬프 잖아요 있는거예요 감격의 눈물이 안 나냐 구요까 말한 것처럼 근육의 마비 되기 때문에 외로움을 모두는 거지 마음으로 놀고 있는 거예요 친분 밤마다 사실 많이 울고 있는 것 같아요 여튼 2분은 항상 자기가 밝게 보이고 친절해 보이고 어 불편한 사람들 한테도 좋은 인상을 주어야 한다고 생각을 하셨던 분이고 지치 줘 사람은 싱 감정이라는 것 항상 좋을 수 없어요 예 몽 도 정말 마찬가지 거든요 몸 쓸 수 있는거 하루에 한계가 있잖아요 내가 할수밖에 뛰는거 총알 열심히 노력해서 1시간 운용하는 것 히오 데 와요 인간한테 주어진 하루에 주어진 에너지는 1개 가게 감정 똑같아요 근데 자꾸 에너지를 감정을 밝게 쓰다 보니까 정작 중요한데 감정을 뭐 쓸 수 있거든요 정작 중요한 게 뭐겠어요 1번은 내 마음에 마음이 어떤지 알고 내 마음을 내가 잘 다스리는 것 두번째 내가 정말 중요하게 생각하고 사랑하는 사랑 제 그 사람들 챙겨 있는걸까 중요한데 내가 다른 내 감정 다 써버린 이까 허덕허덕하며 요 내 마음 볼 시간도 없고 내 주위에 정말 중요한 사람들 을 낮춰 주거나 신경 쓸 여력이 없네요 그런데 그거 안 할 수가 없으니까 나중에는 고갈 돼요 내가 지쳐서 다가 떨어지는 거에요 이런거를 좀 생각하다 보면 내가 굳이 착한 사람이나 굳이 항상 밝은 사람이 되려고 노력할 필요는 없어요 에너지 가스비 있으면 요 그쪽에 반은 무조건 나한테 어쩌 써야 돼요 그리고 그 밤에 내가 정말 사랑하거나 중요한 사람한테 쓰시고요 그 다음에 에너지가 나은 게 있으면 그 다음 다른 사람한테 안아주세요 다음엔 좋겠지만 우선은 순서가 그런거 가 더 좋을 것 같아요 여러분 오늘 시간은 어떠셨어요 지난 시간에 이어서 우리 사연 좀 나눠 봤는데요 고민이라는 정말 끝이 없죠 구미 상담은 끝이 없어요 예 병원에 가지 조금 어렵고 한지 나누고 싶은 이야기 있으면 나중에 쓰 다음편도 기대해 주시고요 다음시간에 또 만나요 안녕 심히 이 we no  오오오
https://www.youtube.com/watch?v=qRaxZn8E1mc,[정신과 상담] 내 삶을 집어삼킨 우울을 해결하는 방법,르 pe 매일 저를 괴롭히는 악몽 때문에 사는 게임 듭니다 회사 스트레스가 너무 심해서 꿈의 까지 고스란히 나타나고 너무 싫어하는 직원이 있는데 목소리도 듣고 싶지 않아서 결국 회사를 결정했어요 꿈에서 주먹을 해드렸는데 주먹을 바닥으로 내려 치면서 잠에서 깬 적도 있구요 어금니를 꽉 물고 자는 버릇 때문에 어금니가 깨져서 치과 치료까지 받고 있어 정신과 치료도 주 번 정도 받고 약도 먹었지만 삶의 우울감이 찾아와 재방문 하지 않았습니다 약을 계속 먹어도 될까요 5 나게 의지하지 않고 악몽 없이 편하게 잘 수 있는 방법이 있을까요 왜 악몽 이끄는 양트 스트레스를 굉장히 받으셨나요 꿈에서 우리가 하는 자금은 마음속에서 낮에 일어났던 일들을 자연스럽게 해소하는 역할을 하거든요 기억을 못할 수도 있는데 이 것처럼 기억이닌 하는 경우도 있어요 몇 달 동안 악몽을 꿀 정도로 심한 어떤 트라우마를 주 정도에 일이었다면 그 상사 때문에 스트레스를 받은 것 자체도 원인이 될 수 있지만 사실 잘 캐 보면 다른 트라우마가 있을 수도 있거든요 그리고 꿈에서 내가 러 싸우거나 화를 냈는데 옆에 사람 치명 4개 거나니면 막 잠꼬대 크게 소리 내서 잠꼬대 하거나 이런 경우가 있거든요 실제로 어깨 꿈을 꾸면서 하는 행동이나 느낌이 실제로 일어나는 거예요 꿈을 꿀 때엔 모든 몸의 근육이 힘이 쫙 빠지게 몸이 변해요 왜 그게 정상 이라는 거죠 근데 이게 약간 2조 와 가지게 되면 꿈을 꾸면서 하는 행동들을 막 할 수가 있어요 한두번정도 그렇게 있으면 크게 문제될 정도는닌데 자꾸 반복되면 이거 자체가 뭔가 문제가 좀 있을 수도 있고요 이것은 엄밀히 말하면 수면 장애 라고 분류가 되요 그런 약은 전에도 제가 이야기 드린 적이 있지만 약의 종류에 따른 다르지만 대체적으로 5월 증인 이런 치료를 위한 약은 상당부분 꾸준히 드셔야 되요 흠 2번은 드실때 안정을 시킬 수 있지만 병을 치료하는 건니거든요 근데 중독되는 게닌가 약 때문에 머리가 뭐가 다 빠지는 게닌가 이걸 가장 각종 하시는데요 치료자는 중 도비 리지 나나 오히려 가끔 먹는 안정제 그리고 쓰면 죄를 불규칙적으로 내맘대로 없다 보면 정말 의존성이 생길 수도 있거든요 그래서 꼭 의사선생님이 가상 왜 하셔서 드시면 좋겠구요 퇴사를 하셨다고 하니까 다행이긴 하지만 제가 생각하기에는 이제 이렇게 스트레스를 많이 받는 군은 다른 환경에 가셔도 똑같은 일이 또 향할 수 있거든요 그래서 악몽을 반복적으로 올 정도로 음 그런 부분에 예민 하시면 한번쯤은 해결을 하고 짚고 넘어 가시는게 필요할 것 같구요 어허 심할때는 잠을 좀 더 깊게 자기 해주고 꿈을 좀 줄여 주는 안정제 도 있으니까 양을 길게 못 하고 또 도움이 될 수 있을 것 같습니다 5  20살 학생입니다 최근 5달 동안 집중력도 약해지고 어휘력이 케어와 되고 있는 느낌이 들어요 항상 쓰던 단어인데 되요 침대 어 누워서 자는 곧 이렇게 말이죠  사실 어렸을 때 친오빠 이렇게 3 추행을 당하고 그 생각으로 지금까지 힘들어하고 있어요 5 자기 전에도 그 생각에 한번 나기 시작하면 자매 될 수가 없어요 온감 망상 의 하루에도 수십번씩 죽을까 생각합니다 제가 어떤 상태인가요 저 병원에 가야하나요 사용 보내주신 분은 꼭 병원에 가보셔야 된것 같아요 여튼 현재 상태는 어울 증은 맞고요 5월 쯤에 대표적인 증상이 기분이 물론 슬플 수 있지만 뇌의 기능이 떨어지는 거예요 실제로 5 뇌가 마비되는 것처럼 느낄 수 있기 때문에 단어가 생각이 안 나거나 뭐 계산 하려고 해도 자꾸 틀리거나 이룰 수 있어요 그만큼 우울증 이 오면 마음이 힘들고 나 슬픈 것과 또 별개로 집중력이 떨어지는 게 굉장히 그 증상일 수 있어요 제가 가장 걱정되는 것은 철저히 친구가 더 하루에도 몇 십 번씩 죽을 가 하는 생각을 한다는 거예요 이건 정말 병원 캅스 방치하면 제 3관 혹 풀럼 만나러 갈 수도 있을 것 같아요 그것보다 더 제가 안타까운 것은 어렸을 때 진 오빠에게 상 취 행 당했다는 것에 굉장한 트라우마 그게 사실 지금 오빠라 어떤 관계로 어떻게 지내는지 도 리젠 궁금하구요 마음의 상처가 있다가 조금 묻어 두고 있었는데 뭐 최근에 남자친구를 다시 살폈다 든지니면 그런 생각을 하다가 어떤 계기로 이게 다시 올라온 볼 수 있거든요 그 말은 이 친구 같으니 이거를 해결하지 않으면 앞으로 이성 관계에 일대 남자친구 사귈 때 자꾸 이런 것들이 나쁘게 본인한테 작용을 할 수가 있어요 이미 너무 오래됐고 마음이 무덤덤 할 수 있을 것 같은데 뭐 더 슬퍼요 왜냐면 이런 거는 약으로 한방에 치료가 된 자기보다는 되게 자기가 많이 눌러서 많이 가려 놓은 거거든요 뭐 같은 마음이 이제 좋지 않은데 꼭 한번 병원에 가셔서 자기가 자기 마음을 다시 들어 담고 상 첨에 또 다른 치료를 받으셨습니다 겠어요  저는 연구원이 얻습니다 경력 3년을 쌓으려고 했는데 1년이라고 임신이 되었어요 결혼한지 두달 만에 요 부모님께도 엄청난 자랑이 던 직장을 그만두고 지금 드는 생각은 낳고 보니 솔직히 정말 불행 해요  그냥 같이 없다고 여겨지는 일들을 매일 하는 게 화가 나고 우울해요 하루 1시간씩 운동도 다니도록 배려해준 남편은 정말 착한 사람인데도 원망스러워 요 무엇보다도 이제 제 인생의 컨 안고만 같아요기는무 잘못이 없다는 것쯤은 알아요 그렇지만 자신이 없어요 기에게 화를 될 것만 같아요 어떻게든 자야 돼 라기를 텐데요  이산 우울증은 음 애기 나면 어떤 여자든 g 잠깐 꾹 울적 하다고 해요 그게 호르몬 변화 때문에 그런건데요 누구나 겪는 뭐 일주일 정도는 그런 내가 산후 우울증은니지만 산 우울감 이라고 표현을 하거든요 이제 이게 계속 지속이 됐고 너무 힘들다 있을 때 산후우울증 하고 이야기를 합니다 어 산업 중의 가장 큰 문제는 뭐냐면요 애기가 너무 예쁘면서도 너무 미워 지는 거에요 너무 힘이 들기 때문이죠 그래서 뭐 심하면 뭐이르 치고 던지고 5 싶다고 하신 분도 있고요 내가 예로 왜 난 얘가 나를 그리핀은 괴물의 다라고 가지 생각을 하신 분도 싸 정말 이해가 안 될 수 있는데 그때는 정말 그래 내가 너무 죽을거 같아서 근데 또 문제는 요 시간이 지나면 여비 어여뿐이를 두고 내가 이런 생각을 했다니 라는 생각에 죄책감이 엄청나게 와요 이 사연 주신 분이 어 엄마가 여튼 애를 키워야지이의 좋을 것 같아서 지금 그 하시는 일을 중단 하신 거잖아요 연구원으로 굉장히 지금 만족감을 느꼈는데 중단 하신 거거든요 그럼 나는 나쁜 엄만 갚다 다른 엄마들은 애를 키우는 데 되게 행복해 하는데 난 왜이리 더 중요하지 난 정말 못된 어머 겁니다 라고 생각이 필요 없어요 사람이나 똑같은 취업을 가질 순 없잖아요 내가 대해이가 예쁘지만이보 흥미를 더 적합한 사람이 있고 요리하는 것도 좋아하는 사람이 있고 난 요리를 죽어도 못하고 설 고심한 그렇게 이런 사람도 있잖아요 나이라서 너무 예쁜데 내일이 잘 정리가직 안된 상태에서 다른 큰 업무가 생긴 거랑 마찬가지 이거든요 근데 이렇게 자기가 오라면이를 키운다고 해도 좋은 효과가 나지 않아요이들은 어떻게 보면 논리적으로 대화하는 게 더 어렵기 때문에 그런 미묘한 상대방 기분 재수 옆 이런거 가 더 영향을 주거든요 엄마가 행복하지 않으면 내가이를 그냥 엄마라고 해서 뭐 온다고 해서이를 행복해 지지 않는다는 거예요 뭐 그러면 제일 좋은 방법은 엄마 행복 쓰셔서이를 봐 주면 좋은데요 사실 저는 어 조금 잉 도움을 받아서 다른 분을 쓰고 내일을 좀 병행하면서이한테 관심을 주는 게 더 좋을 것 같아요이한테도 그게 훨씬 좋을 거구요 엄마가 행복하지 않으면이는 거 하지 않아요 먼저 자기 자신이 행복해지는 게 결과적으로 더 좋을 것 같아요 오늘도 대속 정신과 함께 해주셔서 감사하구요 이번에는 예전과 다르게 우리 친구들 익명 사연 같이 나눠 봤어요 다음 시간에도 이렇게 친구들 필요한 사연까지 나누어 보려고 하니까요 다음편도 기대해 주시고요 4 다음에 또 만나요  camera we no   ohoo
https://www.youtube.com/watch?v=pkkHhL9TQEQ,[강박증] 당신이 무언가에 집착하는 이유 | 공포증 / 강박증,르  불안장애 대표적인 것중 하나가 공포증이 에요 공포 층 0 박정은 대상이 명확하게 있거든요 모든 것들이 대상이 될 수 있어 우리가 뭐 페제 9 부츠 높은 게 올라가 되겠지 바늘 무서워하는 공포 즈음 피부 며 기소하는 공포 즉 외로워 좀 많이 알려져 있잖아요 그거 말고도 고양이 될것 줘 발색 고 포즈 모 마트 뭐 그런 상상할 수 없는 뭐 공포증이 많아요 명확하게 대상 있는거고 친구 1 달리 할부 쯤은 조금 다른 되는거 같아요 내가 누구와 친밀한 관계를 맺기가 조금 어렵고 그래서 사람들 많은곳에서 끼가 좀 불편하고 이런 것들 때문에 오는게 대인기피 층이 조금 더 적합하다 면 사회 공포증은 물론 그런 내성적 이거나 샤이 한 게 있겠지만 어떤 상황에 노출되면 불안증 이 실제로 나타나는 거예요 솔 떨리고 땀이 나고 거기보다 숨 막히는 거냐 막 긴장되고 이런 신체적인 증상까지 동 바라는 것들을 사회 공포증이라고 하는데 그냥 잘 모르는 사람이랑 오히려 할 때 막 그냥 죽음 부분하고 무라는 뭐예요  음 다양한 고 급증 있을 수 있는 만큼 그 사람의 사실 어렸을 때 살면서 자기도 모르게 칸 공포감을 느꼈던 것이 뭐 지속적으로 영향을 줄 수 있을 거라고 추정하고 있어요 그리고 유전적인 요인도 있어서 내가 그러면 무서워 하면 뭐 우리 엄마아빠도 무쏘가 쓸 수 있다는 거예요 공포증은 어렸을 때의 젤 심하구요 비가 많이 쏟지거나 정보만 뭐야 이런 것들은 어렸을 때 공포증이 있다가 대체적으로 없어지는 경우가 많아요 보폭 암을 느꼈을 때 어떤 정상까지 올 수 있을까요 기조 할 수 있어요 가장 흔한게 반을 그리고 또 싶었을 때 기절 하는 경우는 책의 많아요 그래도 죽진 않아요 우선은 증상 신체적인 증상은 약물로 치료하는 게 제일 맞고요 생활에 크게 당장 필요한 경우가니면 치료를 하게 조금 어려워요 예를 들어서 비행사 에요 그때 폐색 보증이 있어 얼마나 살기 힘들겠어 이런 경우는 치료를 하죠 단계별 노출시키거나니면은 중 단말 단무지 막장의 폐쇄가 칸에 넣는 거예요 그런 식의 있는데 적절하지 않고 요새는 하진 않고요 근데 같은 내가 직업상로 생 활 상로 자꾸 노출을 돼야 된다 싶으면 찾아오는 사람들이 있고 약간 다른 이야기인데 그것도 에 비행기를 못하는 친구들이 병원에 오는 경우가 종종 있어요 되게 타면 뭔가 불안하고 떨어질것 같고 막 답답해서 줄 것 같아요 약물을 들여서 비행하기 전에 마음을 조금 안정 시키거나 이런 치료를 어 좀 도와 드립니다 완전히 없앨 수 있을지는 모르겠어요 최근에는 이러한 경우에 vr 이라고 하는 가장 현실 체험을 통해서 그 복을 수 있는 치료도 제시가 되고 있어요 그때 그렇게 사실 그렇게 활발 하진 않구요 여튼 비행이 못하면 안 되니까 비행기 못하는 친구들의 대해서는 이런 가상 현실 공간 치료가 꽤 어 진행되는 병원들이 있습니다 강박증은 그냥 우리가 꼬마 선배라고 생각하면 안돼요 원칙 애쓰면 그 꼭 지켜야 되고 이런 것들이 조금 강박 성격 에 가깝다면 각막 쓴 어떤 하나의 꽂히는 거예요 생각의 꽂힐 수 있고 행동에 꽃을 수 있어요 생각 내가 이 생각하기 쉬운데 이 생각을 안 하면 추운것 같아요 미칠 것 같아요 내가 이게 잘못됐다는 걸는데도 불구하고 이렇게 강박적인 행동을 하지 않으면 군대는 성격이 조금 꿈에서 알아내 공부할 때 딱딱딱 않은 오면 안돼 이건 강박증은니에요 가장 대표적인 것은 손을 많이 쓰는 거죠 나는 정말 이게 깨끗한 걸는데 손에 막 이렇게 병균이 세균이 엄청 했을 것 같아서 100번 씻어요 이제 외로움이 동반 돼요 강박증 이라고 한 강 학장은 불안한 느낌을 갖는 거니까 예전에는 불안장애 포함이 됐는데 연구를 해보니까 강박증이 심한 사람 들의 뇌의 변화가 1번 쪽은 불안 타일러 따라 부위가 실제로 다르구요 예 정도로 달라요 내 의지와 3반 없이 어떤 일 때문에 불안한 게니라 뇌가 구조적으로 어떤 행동을 계속 반복하지 않으면 안되게 문제가 생긴거 구나 라고 생각해서 강박증은 다른 굉장히 불안증 애랑 다르게 된 거고요 얼마나 일이었어요 공포증은 그냥 좀 무섭지만 그거 피해갈 수 있잖아요 강박장애 는 치료를 하지 않으면 살 수 없어서 본리 추를 원하는 경우가 많아요 강 밝히려는 대체적으로는 항우울제 항불안제 를 쓰기는 하는데 정말 치료가 안되는 거 밖에 많아요 안정 시키고 나서 조금씩 단계별로 연습해요 그러려면 내가 어떤 상황에서 어떤 2 1 때문에 자꾸 불안감을 느끼는 지를 최대한 구체적으로 써 보고 자기가는 게 중요하고요 모든 불안 증은 왕도가 없어요 단계별로 한다는 게 치료의 컨셉 이에요 불안한 모락 뻗고 요란 불안할 거 같지 않아요 예 그 정답이 에요 불안장애를 앓고 있는 사람들이 대 대수가 나중에 울 공도 많이 와요 불안한데 우울하지 않게 이상하죠 공황장애를 오래 앓다 보면 어 내가 0 반짝이 언제 오죠 몰라서 난 항상 불안하고 오데 나가고 또 불안하고 모케케 그으래 지죠 다음번에 친구들이 올려준 사연이나 이건 조금 오신걸 가기는 어렵지만 한번 고민을 털어놓고 싶다 하는 사연들을 바라서 제가 같이 얘기를 해 버렸어요 마무리하기 전에 또주 잘 보셨으면 구독 좋아요 눌러주세요 여러분께 때까지 갈 지네요 안녕 침 그
https://www.youtube.com/watch?v=NI2bYiAFaxw,[공황장애] 이유모를 죽음의 공포 공황장애의 모든 것 | 공황장애 광장공포증,지난번에 불안장애 대해서 이야기를 했었는데 최근에 가장 많이 찾아오는 병이 0 원장의 공황장애는 사실 공항 사회가닌데도 본인이 공방 장애 라고 진단한다 고와요 못 써 볼 때 보셨어요 예 저는 그래서 고강 장애 라고 하면 공항 상에 진단명 말고 증상을 좀 알려주세요 라고 하는 경우가 많은데 그만큼 공황장애는 굉장히 흔한 병이 됐습니다 우선은 0 영상을 알려면 은 공항 발작 라는 걸 알아요 어떤 단어를 쓰자 많은 미쳐버릴것 같아요 이 상황을 그런 표에 쓰고도 좀 이쯤 줄 알았어요 저 죽는 줄 알았어요 라고 하는데 공황발작 을 한번 느낀다 신 공신 야니에요 이것 때문에 친구들이 자꾸 저한테 공황 장애 걸렸다고 오는 친구들이 말했습니다 공항 장애는 이런 공황발작 이 예측하지 시켜 게주 빈번히 제발 하는 것들을 공황장애 라고 합니다 신경에 문제가 생기기 때문에 온몸의 어떤 증상 애들이 자리 수가 있어요 가장 흔한 것은 소리 마 케어 심장마비 오는 구나 라고 놀라요 논란이 가 더 빨리 되겟죠 이런 단계에서 대부분 응급실에 가기도 하구요 공황발작 이 왔을 때 내가 절대로 죽는 병이니고 절대 죽지 않는다는 생각을 빨리 해야 된다 그리고 20 숨이 멎을 거 같으니까 헥헥 거리 겠지만 최안순 오히려 참고 역으로 20 차 3002 쉬어라 그래야지 발짝 이 수그러든 다고 교육을 해 줍니다 실제로 공항 발작의 어 많게는 20% 40% 는 실제로 기절을 하게 됩니다 설명 기절을 할 지언정 응급실에 갔을 때 심장마비가 오는 병원니다 라는 것을는 것이 추억 그래서 물론 한번쯤 공항 발작을 경우는 것도 물론 불안증 일수 있지만 이거가지고 공항 장애 라고 하진 않으니까요 정확한 기간은 병어 가셔서 선생님이랑 상의하시면 좋겠어 그리고 양 물체로 반드시 하겠는데요 공항 발작의 한번 시작되면 절대로 저절로 멈추질 않아요 화산 폭발하는 거랑 비슷해요 화산 한번 폭발하면 왕 터지고 나서 그 이렇게 계속 폭발을 조금씩 하 죠 지진도 여진이 있죠 이런 것처럼 한 번 우리 gr 신경계가 흔들린 거거든요 흔들린 것에 대한 여진 얼마나 자주 올 줄 모르고요 정말 심한 공항 장애 환자는 하루에도 몇 번씩 고무발 짝이 와요 찰 수 있겠어요 내가 멋 버지 줄거 같은데 암 멈춰요 초 이걸 병 이라는 생각을 꼭는게 중 다른 병을 항 달리 공황발작 은 잘닌가 라죠 완전하게 없애 주기 전까지는 자 꽂바래요 좀 참으려고 해봤자 어찌 고쳐 먹는다 라고 끈기 얘기를 드리고요 잘 치료하면 완전하게 깨끗하게 좋아지게 합니다 다만 재발할 수 있어요 대체적으로는 10대 뜬 잘 안오고 요 20대에서 40대 사이에 말이야 제 1항은 20대 시작이에요 그래서 병원에 많이 오죠 0 각색에 진다 나온 친구들 절반은 고만 장애는니고 뭐냐 그건 꽤 비특이적 불안장애 경우가 많불안정은 확실히 있는 거예요 구멍 장은 웬 기냐 죄송하지만 원인이 밝혀지지 않았어요 그런데 공황장애를 반드시 안 된다고 알려진 상황을 있어요 b 대표적인 것이 수면 박사 잠을 잘 못잤다 는 상태에요 두번째가 앓고 스토리 줘 세번째가 가지 그리고 조금 이상한 약물들이 있는데 흔하지 않으니까 빼도록 하고요 잠 못잔 는데 술먹고 자고 다음날 커피 마셔요 요때 온다는 거예요 이 말은 공항 장애까지 안가더라도 보통 사람들도 어 건강 발작이 나 불안증 을 심하게 느낄 수 있는 원인이 될 수 있다는 거거든요 어떤 몸이 좀 안 좋다 내 예민하다 불안증 있다 싶으면 요 세가지는 조절 해야 되요 공황장애의 당할 스트레스의 영향을 받고 스트레스에 젤 대표적인 것은 불릴 장애 이별 이라는 익혀 있었어요 여러가지 스트레스 동료가 많잖아요 이별 하거나 이런 불이 상황이 가장 스트레스가 되고 공황장애를 만든다는 심리학적 썰이 있었어요 여튼 스트레스 영향을 받는 것은 있지만 공황장 이 정의는 요 예상치 못한 상황에 갑작스럽게 공황발작 이 생기는 거예요 즉 처음에는 스트레스가 있었을 수 있지만 그 다음 상황은 스트레스가 전혀 없는데 한 번 자극에 됐기 때문에 자꾸 발작이 생길 수 있는 거예요 그래서 스트레스가 있다고 공항 잘 생겨요 요거는 꼭닙니다 명동 한복판을 사람이 굉장히 많다 거나 이제 이런 9 까니까 많은 사람이 불안 책 생길 수 있다는 거죠 이게 이제 광장 포 짐 씻어 광장 공포증이 낱말이 좀 어렵지 않아요 저는 사실 익숙하지가 않은 용어 라서 처음 배울 때 좀 어려운 거든요 근데 이제 영어로 보면 이게 에 구락부 비예요 액 오라가 광장이란 이야긴데 그냥 공황장애 일종의 부수적인 거다 라고 생각해서 보 황상의 시켜 있거든요 근데 한번 보니까 공황장애는까 얘기한 것처럼 예측할 수 없는 상황에서 학생이기 때문에 이게 사람 있고 광장에 있던 말던 이런 상금은 없구나 라는 너를 생각을 하게 된거죠 그래서 두 가지 병이 분리 가졌는데 넘어 사람이 많아서 내가 어떻게 보면 나를 주체하기 어렵다 는 심리적 이 압박이 드는 상태에서 불안 재생 는 그런 사람들이 많거든요 그리고 그런 대표적인 공간이주 사람이 많은 버스나 지하철이 될 수 있습니다 그래서 당장 퍼져 있는 사람들이 대중교통을 이용하지 못한 경우가 많고 그게 예전에는 공항 발짝 공항 창 애랑 많이 콩 돈이 되기도 했었어요 그런데 이걸 쪽에 좀 다른 병이에요 우선은 한 번 이광자 보 부쩍 이 생겨서 불알이 생기면 그거는 컨트롤하기 어렵거든요 그런 약을 줍니다 안정을 시켜 줘야 안정이 된 상태에서 차분히 조금씩 단계적인 실험 하라고 해요 예컨데 어 지하철 타이가 힘들어요 그런데 버스는 창이 있어서 잠깐 탈 수 있어요 라고 하는 사람들도 많거든요 그럼 퍼스 한정 도장만 잠가 타고 내려 보세요 마 선생님 1점 5장 됐어요 그러면 30분 타보세요 30분 타르트 했어요 자 이번에는 지하철을 시도해 봅시다 이런식으로 단계별로 적응을 시킵니다 처음 단계에서 불안한데 혼자서는 절대로 못해요 그래서 안정을 먼저 시켜 주는 약을 먹는 이유 있고요 어떠한 은 그런 것에 저는 자기가 도망갈 길이 없다 내가 나를 피할 곳이 없다 라는 압박에 생기는 거거든요 사실은 누구랑 같이 가면 좀 더 안정될 수 도 있어요 단계적으로 하면 확실히 좋아지긴 합니다 그래서 광자 부부 쯤 개 중 교통 이용하기 어려우신 분들 치유할 수 있습니다  어느 순간 스트레스가 있어서 고 촉구하는 지더니 만 매사가 불안해서 못살겠다는 저술한 장애 대표적인 것중 하나가 공포증이 에요 기재할 수 있어요 촉진하는 것 같아요 불안장애 중에 사회 공포증이 있어요 다른 특징을 좀 다르죠 강박증은 그냥 우리가 꼼꼼한 성격 이라고 생각하면 안돼요  222  won
https://www.youtube.com/watch?v=hVpfHVZonqg,"[불안장애] 불안장애의 증상, 치료, 종류까지! 불안증의 모든 것!",르  요즘 친구들은 실제로 이런 것들을 많이 느끼는 것 같아요 꼭 비교할 때 많잖아요 snsd 읽고 인터넷도 많고 남에 대해서 볼게 너무 많은데요 우리가 sns 를 할 때 굉장히 좋은 걸 많이 얘기잖아요 다른 사람들은 다 잘 살고 행복하다고 생각을 하는 것을 깔고 있기 때문에 옛날에 남 그랬어요 옛날 사람도 그랬겠죠 근데 옛날엔 비교할 대상이 적었던 거 같네요 매일매일 sns 나 인터넷을 보거나 다른 사람들과 비교할 시간이 상대적으로 적었던 것 같고 그런데 요즘 친구들은무래도 자꾸 메시가 뭔가 보고 비교 하게 되니까 내가 갖고 있는 탑재된 믿음과는 달라져서 불안함을 느끼는 데 왜 불안한지 로 잘 모를 때도 말아요 근데 사실 불안은 정상적인 반응이 긴 해요 우리가 워낙에 사람이 불안을 느끼는 것은 예전의 그 자연 상태에서 내리 우수를 만났을 때 놀라고 끈이 도망을 가기 위해서 몸을 지키기 위한주 본능 저 자연스러운 반응이 거죠 몸에서 알아서 이 신경 자율신경계 라고 하는 것들은 그 중에서도 특히 활성화 시켜주고 각성시켜 주는 교감신경이 올라가요 바짝 굉장하죠 오메 성우 일어나는 당연한 반응 이에요 그렇기 때문에 내가 불안하다 고 있었고 나쁘거나 병이라고 할 것만은니라는 거죠 내가 진짜 기란 장애까지 덕구 되는게닌가 병원에 한번 가봐야 될 정도 되는 건닌가 라고 생각을 할 기준이 있다면 실제로 몸에 뭔가 느껴 줘야 돼요 하루이틀 고민을 해서 잠을 못 자거나 주스 떨어지거나 그럴 수 있죠 애니랑 헤어졌는데 잠을 잘 자기 것도 이상하잖아요 내게 뭐 일주일 이상이 가고 부라 매서 내가 하루종일 해먹게 뭐가 집중도 못하겠어요 우선 가장 흔한게 답답해요 답답하고 소화가 계속 뭔가 안되요 그럴 수 있고요 목에 뭐가 걸린 것 같네요 그런 병명이 있거든요 일이다 이제 예전 명칭 이긴한데 글로브 히스테리라는 오게 어떤 동그란 것이 막혀있다 는 증상을 호소하는 사람들이 많았어요 알고보니까무것도 없는데 불안 해도 그런 증상이 나타나는 거예요 그리고 또 가슴이 없이 조금 더 9 이게 심해지면 요즘 많이 알려진 공황 장애를 겪을 수도 있어요 순익 막 막 써서 좋을 것 같거나 가슴이 빠 주셔도 좋을것 같군 자꼬 차 하고 뭐 자꾸 화장실에 가고 싶고 이게 뭐 한달 조달이 이상 걷는데 홈 살을 해봐도 이상이 없네요 사실 이런 것들도 불안 장애의 한 증상일 가능성이 굉장히 높아요 불안증 은 왜 걸리나 불안장애 놈의 걸리나 사실 이유는 과학자들이직까지 밝혀 내지 못해서 예 유전적인 요인이 있어요 유전적 이라는 것은 타고난 체질이 라는 거예요 스트레스 받는다고 누구나 공황장애 나오지는 않거든요 예 그래서 이거는 체질이 고 어떤 유전자가 작용 해요 박사들이 여기저기 많이 찾봤거든요 한가지 존재는닌 것 같다 라는 결론을 내렸고 그렇다 보니까 부모가 불안한 섞여 혹은 불안 장애가 있으면직도 불안한 성격이 는 불안한 장애가 있을 가능성이 더 높다는 것 까지는 알려졌어요 여튼 불안감을 느끼는 중추 에서 우리가 노리 f fm 이나 여러 가지 호르몬이 과학 활성화 되거나 혹은 주로 되기도 해요 신체적인 밸런스가 균형이 깨지는 건데요 라미 자율신경계가 균형이 깨지기 때문에 불안 장애는 머리끝부터 발끝까지 신경 있는 모든 곳을 신체 증상이 나타날 수 있다는 거예요 예민한 사람들 못하고 나 뜬 어쨋든 이거 못 보자 그런데 우리가 이런 게 있거든요 뭐 재앙 확 그냥 나는 단지 시험 하나 못 봤을 뿐인데 그래 난 시험 뽀로로 보이고 내 인생은 방안 거야 뭐 이루어지고 급 따윈 습으로 간다던지 한번 찰스 뿐인데 내 인생을 이러다 끝나는 거야 뭐 이런식으로 굉장히 극단적으로 생각하는 사람들이 있어요 근데 요거는 사실 참고 치가 힘들어요 돌난 성격 불안함을 느끼는 성격 도 정적인 성격을 분명히 있어요 고치려고 노력도 해 보는 적이 있었죠 의사들도 그런데 책 있어 있어요 성격을 고치는 것은 뼈를 깎는 곳 이상의 고통을 감내하게 너 오래이다 떡 어렵다 는 얘기에 예 하지만 그래도 자기가 뭔가 고쳐 보고 싶다면 요 요 걸 알아야 돼요 내가 뭔가 항상 부정적으로 생각하는 데 그 밑바닥의 뭐가 있지 어 예를 들어서 우리 부모님이 r 칭찬하지 않는다 던지 주 의 사람들이 나를 멋지게 보지 않는다 던지 이런 상황이 되면 폭력적으로 불어 감이 느껴지는 거야 불안이라는 건 보완 감정 되기 때문에 사실은 자기도 알지 못하는 이유가 있긴 있어요 근데 대부분 이유를 잘 모를 수가 있다는 거예요 자기가 생각한 기본 리듬 이라는게 있어요 기본 및 은 중간 미드 결로 근데 그 기본 약 인간 믿음의 나는 사랑을 받기 위해서는 친구들이 나를 좋아해 사회에서 이걸 해야 돼 나는 중간 전체가 대부분의 알려져 있어요 이게 뭔 창을 찾아보세요 이런 믿음 들이 알고 있는 경우도 있지만 자기도 모르는 사이에 머리에 그게 탑재된 거예요 요거를 자꾸 고치려고 생각을 잡으려고 해야지 결론적인 불안감이 많이 줄어들 수 있어요 불안 장인 어떻게 줄 거냐 우선 몸에 생기는 이상반응 있잖아요 가슴 끼고 막 손 떨리고 탐나고 어지럽고 쓰러질 것 같고 이런 것들은 사실 우량 모음 대체적으로 불안 장애 라고 진단을 받게 되면 일정 부분은 뇌의 이 혼란의 생긴 것이기 때문에 뇌의 호르몬 을 안정화 시켜주는 약물 치료를 하는게 사실은 더 적절해 요 그런데 문제는 약을 먹을 때 바로 나는것은 안정시키는 거지 경우로 없애는 게니거든요 내에 과 활성화 된 부분을 많이 줄여 줘야 돼요 근데 약주 마 바로 난다고 친구들이 그 안 정자와 먹고 병원에 바로 안 오거나 안정제 막 골라 보내 친구들이 있어요 제가 화를 잃게 됐는데 절대로 병의 치료 되는건니에요 두번째 그 약먹고 하는거 말고 쫓기게 팔 수 있는 방법이 없어요 라고 할 수 있잖아요 물론 많죠 예전에는 병원에서도 이 생각을 바꾸는 치료를 많이 했어요 인지행동치료 라고 하는건데요 인지 생각 행동 행동을 바꾸자 근데 어려워요 시각이 많이 거냐 예를 들어서 내가 어떤 걸 되게 두려워 해요 그러면 그 두려움 걸을 단계적으로 노출시켜 이 말은 배 물 두려워요 처음에 뱀 사진 한데 보여주어 무서워 6 한창 몇 번 보여서 왠지 살짝 볼만해요 싶으면 실제로 뱀을 만들어요 더 징그럽고 요 거기에 몸이 익숙해져 요 그러면 뱀을 막 던져요 이런 단계적 노출 치료나니면 그냥 인정사정없이 뱀 있는 방에 확 밀어 넣는 것조차 말든지 이것을 우리가 홍수 기뻐 홍수처럼 가 막 뛰어 붙이자 라는 기법도 있었는데 어려워요 그래서 사실 요즘에는 별로 하지 나오고요 그때 그거 말고 최근에는 우리가는 친구도 있지만 이완 명상 이런 치료 들도 많이 추천을 하고 있어요 요즘에 책이나 인터넷 못 유튜브 이루고 보면은 이와 명상 친구가 참 많거든요 이런 것들이 불안한 감정 나는 실제로 돔 불안함을 잘 느끼는 친구들 예민한 성격 친구들은 명상 하려고 눈 갑자 나요 온것 불안한 착 생각 다 떠올라 그래서 혼자 하기가 좀 어려울 수 있는데무튼 차 궁의 조금 가라 앉을 수 있는 친구들은 약간의 약물 치료를 병행하면서 이 완치를 하게 되면 훨씬 더 좋은 효과가 있어 거고요 벽까지 가지 않아도 될 정도인 것 같다 싶으면 자가로 한번 그이와 니나 명상 치료를 하면 도움이 될 것 같아요 불안장애 하면 어떤 종류가 있는지 궁금하다 친구들이 많을 거에요 요새 건강 장애는 참 많이 알려졌는데 공항 사회가 이거 불안장애 속한 과 결론부터 이야기하자면 불안장애 에는 공항 성에를 후암 하는 게 시의 예 큰 고적 상담해 그냥 모든 것이 매사가 불안해요 그것을 우리가 검 불안 장애 불안장애 쏘 포함될 수 있는 것들은 공포증이 있어요 공포증은 특정 공포 측 예를 들어서 내가 동물을 무서워하거나 뭐 주다 맞는 것을 무서워하는 정도 있고요 우리는 다음 시간에 불안장애 더 깊이 공황장애와 강박증에 대해서 알아보도록 할게요 궁금하시면 구독과 좋아요 꾹 눌러주시구요 오늘은 여기서 갈게요
https://www.youtube.com/watch?v=BcTbxOrggA4,[자해] 자해를 멈출 수 있는 방법 | 자해 & 조울증 & 월경전증후군(PMS),5 5  우울증 뭘 하기 때문에 잘 여력이 없어요 그냥 누워 있는 거에요 자살시도를 하는 경우가 있죠 우울증이 심하면 그것도 우울증이 약간 회복될 때 한 타고 되어 있어요 자연은 우울증의 증상은닌데요 자인 허브의 뭔가 10 내면의 갈등이 있어서 하는 거고요 남이 항상 공허하고 요 뭔가 돼 존재감을 내가 찾을 수가 없어서 못 미칠 것 때문에 대해 감정이주 기부 크겠죠 요즘 자해를 하는 친구들이 많다고 하더라구요 특히 중 고등학교 친구들이 많아서 제가 깜짝 놀랐고 요 대학생이나 뭐 젊은 친구 좀 많아요 자해 라는 것이 너무 어떤 뭐 이상한 것이니라 할 정도로 조금 흔 해 지기도 했고 사실 꼭 죽으려고 하는 건니고요 이런 것들을 경계에서 인격장애 라고 하는데 이런 경우에 자유를 해야만 내가 어떤 사람인지 존재감을 느낀다고 해요 자해를 해서 피를 보거나픔을 느낄 때 그나마 내가 살아있구나 하는 것을 확인하는 절차라고 요 사실 굉장히 짠 하 죠 그래서 숙제로 병원에 오는 친구들을 보면 공부도 잘하고 크게 뭐 탈선을 하거나 우리가 그렇게 나쁜 친구들 제닌데 왜 자야 했어요 그러면 뭐 죽으려고 요 그럼 뭐 전혀니에요 왜 했어요 그러면 만약 나는데 풀고서 게 없어서요 라고 하는 친구들이 많거든요 그래서 참 안타까워요 그게 어 이해가 사실 안 되지 않거든요 뭐 솔직히 중고등학교때 뭘로 해소를 하겠어요 그래서 자해를 하는 친구들 한테 자야 하지 마세요 라고 하면 자리를 안할 순 없나요 금방 멈출 순 없고요 우리가 치료로 보통 권유하는 방법이 자외 수위를 낮추라고 얘기를 합니다 예를 들어서 뭐 커터 칼로 손목을 조금씩 듣는게 매우 후 난자의 방법인데요 그렇게 하면 사실 상처도 담고 그래서 흉터가 암람 있는 자에 방법을 생각해보자 예를 들어서픈 건 똑같지만 고무줄로 쎄게 팅겨서 허벅지를 해본다 던지니면 꽂은 걸로 바꿔 보자 이런 걸로 자꾸 권유를 해요 자 얘는 우울증의 증상은니지만 우울한 기분을 표현하는 수단이 될 수는 있고 한번에 멈추는 어렵지만 분명히 낮은 단계로 고쳐서 좋아지게 난 줄 수 있을 거에요내가 또 자야 한 번 했다고 해서 그걸 너무 마음에 담아두고 나 이상한 사람이라고 생각하지 말고 그런게 있으면 그냥 받아들이고 어떻게 하면 써서실 까만 생각하면 되요 그리고 내가 사실은 나도 모르는 힘든 점이 있지 않나 이것을 잘 캐치 하면 좋겠어요 음 난 기분이 업다운 너무 심해 어쩔 때 기분이 되게 좋은데 어떨 때 기분이 확 떨어져 이런거를 좋을지 거라고 생각하는 친구들도 많은 것 같아요 좋을 병의 가 그냥 내가 기분이 나는 예민해서 업다운이 너무 심해 하루에도 몇번씩 기분이 변해 이런가 할 경이의 그 성벽이 라고 생각하면 되요 좋을 병 좋을 병은 우울증이나 달라요 두 개가 완전 다른 병입니다 2 병은 명확하게 우리가 고층 상태의 빠져야 되는데 조청 상태는 탄수 네 기분이 좋거나 약간 업되는 상태가니고요 자신에게 손해가 될 만한 행동을 해야 되요 예컨대 뭐 홈쇼핑 을 한다 2 7 내지 사세요 내가 감당할 부분이 안되는데 마교 1000만원씩 써요 그리고 내가 원래는 그런 사람이닌데 화려하게 하자고 라고 옷을 막 과하게 있고 나가고 막 사람들 한테만 하던 행동을 해요 그게 나중에 돌아보면 내가 왜 그랬지 나 이런 사람닌데 정말 후회가 박심 할 정도로 이런 기간이 상당히 유지되는 것이 좇은 상태고요 이 상태는 뇌의 변화가 온 상태에요 단순히 기분 문제가니라 뇌의 호르몬 이 빵빵 써져 가지고 자기가 제어가 안 되기 때문에 논리적인 사고를 벗어나는 거예요 그래서 나중에 이해가 안되는 행동을 할 수가 있고 남한테 굉장히 공격적으로 행동할 수 있고요 과한 자신감이 생겨서 일을 벌일 수 있고 근데 이게 그냥 그런 성격이니고 정말 명백하게 손해가 막심한 정도로 어떤 기간이 채워 줘야 돼요 이런 경우를 좋진 상태 라고 하고 조증 상태가 명백하게 있어야지 좋을 정이라고 예상해 볼 수가 있어요 치료가 정말 약물이 100화 센트 필요해요 내 세포에서 호르몬이 막 막 나오는 상태이기 때문에 확 줄여 줘야 되요 절대로 자기가 컨트롤할 수가 없고요 남이 도와주신 없어요 자기가 처음에는 몰라요 가장 병원에 안가는 원자들이 조증 상태에 좋을 병환 자들인데 총 가족들이나 친구들이 힘들어요 4 한번 겪고 나면내가 이게 병에 군화를 알게 되거든요 무조건 죽느냐 약 먹으면 바로  어여 자 친구들은 3일전에 기분이 유독 변화는 친구들이 있죠 이런 것들을 지속되면 그리고 또 심하면 수준이 전주 무근 이라고 하는데 사실 남자들도 암연 좋아요 여자인 친구들이 이런 친구들이 있잖아요 어떻게 애처 명인 좋을까 고민이 많죠 근데 이게 병이에요 그래서 심하면 이 약을 먹는데요 자꾸 연약해서 그렇지만 약을 일정기간 먹어요 생리기간 내내 가니고 이게 힘이라는 게 주기가 이렇게 이렇게 호르몬이 변하는 거 잖아요 그래서 생리 직전에 호르몬이 배란 지프 확 떨어지면 기분이 흡연 해요 그때의 문제가 생기는 거거든요 보통은 생리가 시작하면 기분이 나아지는 걸로 되어 있는데요 그런데 져 생리전에 일주일 혹은 길게는 14일 정도 한국 물질을 쓰시면 기분이 많이 좋지기도 하고요 2 3 전주 부분이 기본 문제가니라 막 막 배도 더 기뻐하고 멋이 것도 떨어지고 이상 막 증상의 생겨요 여자가 막 짜증을 막내 겠죠 한 번 병원에 와서 약정 방법은 그리고 이제 물론 이걸 무조건 약을 먹으라고 추천하는 건닌데요 심한 친구들이 있어요 그래서 공부하는 데 방해를 받거나 나도 모르게 막 도 벽에 생기는 친구들도 있고요 폭식이 너무 심해서 주체할 수 없는 친구들도 있구요 이제 이런 것들이 호르몬을 변환 대 3분 것까지 가지 않아도 이런 2 정상적인 문제에 대한 치료가 약간의 항우울제 치료로 간단하게 가능할 수가 있습니다  정말 요즘 우울증 친구도 많고 울 감을 느끼는 친구도 많은 것 같아요 정말 먹고 살기가 빡빡하고 그래도 우리가 사실은 자기를 위해서 그 시간에서 투자시 옴 노력을 해볼 수 있을 것 같아요 이게 정말 나만을 위한 시간이야 이런게 생각해보면 별로 없을 수 있고요 내가 나에 대해 생각하는게 반성 이제 이런 그만 했으면 좋겠나 서 그냥 정말 온전히 내가 좋아하는 거 찾가지고 단 10톤 15분이 라도 한번 빠지는 시간을 가지면 좋을 많고요 그게 자기 처방전에 어느 시간 괜찮아졌다 고 생각 하시죠 하시면 좋아요 차 민망한데 혹 해야 된다고 하네요 다음시간에 또 만나요 안녕 그 wow
https://www.youtube.com/watch?v=XDzxE6PEtGo,[번아웃] 아무것도 하기 싫은 내가 나약한 걸까?  | 기분부전장애 & 번아웃 & 자존감,살면서 한번 정도는 우울증에 걸릴 수가 있어요 여튼 내가 머리로 이 생각을 없애 길다 불가능합니다 약은 이 우울증 이라는 병을 치료하는 정말 최소한의 장치 이거든요 특히 최근처럼 사회적으로주 이하 압박이 많은 고민이 많은 시대에서는 사실 좀 더 걸리기 쉬울 것 같아요 야이 4 먹은 다 이겨낼 거야 뭐 부담 요즘 나는 지금 어차피 내가 뭐 노력을 안 하는 게니라 노력할 힘이 없는 거거든요  9  우울증은 확실하게 일상생활에 문제가 생겨야 되거든요 모호하게 오란 기분을 가지고 산다고 해서 다 우울증이라고 하진 않고요 최근에 기분 부순 장애 나는 병명이 떠오른 것 같아요 사실 흔하지는 않은 진단 인데요 예전에 만들어진 다미에 야 기분 부전 장애는 의학적으로는 우울증 까지는니지만 우울한 감정이 정상범위 는 벗어나 있고요 뭔가 생활에 문제가 크게 생기거나 고 잠을 크게 못 자거나 식욕이 고 크게 떨어지거나 이런건니지만무튼 그냥 보통 않좀 우울한 데이 것 보다는 더 확실히 우울한데 이게 꾸준히 가요 지속 시간이 2주가니라 지원이 필요해요 예전에 사실 정신과 에서 진단을 만들 때는 왜 영상을 찍거나 어떤 검사를 해서 진단을 만들지 않았기 때문에 이게 우울증은닌데 뭔가 오랫동안 우울한 사람들이 있다 이런 경우 기분 부전 장애로 진단을 만들어 놨어요 사실 현대에서는 매우 적합한 증가는니에요 기분 부상 장애가 그러면 or 악행의 전조 증상인 야 전혀 달래 이용해 기분 부전 창에는 우울증이 되지 않기 때문에 그런 우울한 상태로 쭉 진행이 되는 거고요 우울증은 멀쩡한 사람이 우울증에 과 까지 된거예요 그렇다고 회복이 작 되는거고 물론 기부 무전 장애를 퓨 앓고 있다가 이 가운데 우울증 올 수도 있어요 그거는 기분 부 전장에 중에서 우울증이란 경도 생긴 거에요 성격 있는 경우도 있고요 뭐 예전에 겪었던 어떤 트라우마가 오랫동안 작용하는 경우도 있고요 이런 복합적인 이유 때문에 나는 그냥 이렇게 살왔어 라고 하는 경우가 대체적인 용무 우울증이라고 하는 어떤 생물학적 변화가 주된 병과는 다르기 때문에 사실 약을 먹어서 그렇게주 드라마틱하게 회복되지 않는 경우가 너무 많아요 사실 성격이 랑 겹치는 부분이 많기 때문에 기부 무전 장애는 어찌보면 우울증 보다는 약한 병이지만 실용 은 조금 더 어려울 수도 있습니다 하지만 기본적으로는 내가 왜 이렇게 항상 우라 지에 대한 상담 치료가 꼭 필요하고요 기관은 사실은 사람마다 다르지만 꽤 오래 필요할 수 있어요 대표적인 것이 무기력감 것 같아요 버나 우승 더러움은 최근에 나온 말인데요 그 의학적으로 진단이 되는 건니에요 그 소진 증후군 요 어떤 정신적인 에너지 신체적 에너지 같고걸 됐다 이런 뜻이에요 보통은 직장생활 하시는 분들이 많고 곰 학생들도 겪는 경우가 있는데요 이게 기분이 슬프거나 멜랑콜리 하거나 이런 전형적인 우울증 가는 조금 다를 수가 있는데 내가 뭐 기분이 슬프거나 키마 그런건니에요 근데 만사가 귀찮고 자키 일이 싫어 내가 이런 사람이니었는데 뭐 부정적이고 짜증도 나고 흔 향후 힘들어 이러면 더 나 옷을 의심해 볼 수가 있구요 하루 잎을 이래서는니고 보통 한테 정도 익었다 회사생활 학교 생활이 힘들 때 내가 뭔가 의혹이 많이 떨어지고 업무 능률이 많이 떨어질 때 대표 저희는 짜증에 많이 나고 불안하고 이럴 때 의심해 볼 수가 있습니다 암튼 뭔가 그 현실적으로 무리가 오는 상태 맞번웃은 참 치료가 어려워요 회사를 쉬면 좋겠죠 저도 좀 쉬고 싶네요 근데 이게 너무 심하면 이게 불안 장애가 되는 경험 하거든요 불안증 이 오는 경우가 많아서 뭐 이러다 공항을 겪는 사람도 있고요 그래서 정말 심해지면 사진은 정말 쉬어야 되고요 그것까지 안 간다고 해도 약간의 셀프 휴식이 필요한데 셀프 해주고 요즘 회사에서 주나요 사실은 제가 치료를 도와 드리고 싶진 않고 번웃으로 병원에 오신 분들은 대부분 불안증 이나 불면증은 안고 오시기 때문에 제가 그 9분해서 약을 쳐 바보라고 약간의 안전 가 료를 위한 진단서 로써 드리기도 합니다 버나 옷은 말 그대로 뇌의 변화 서 오기 직전에 2심 시인이 고갈된 상태 이기 때문에 쉬면 날쌘 는 병이에요 5 5g 에 남은 좀 다른 거죠 근데 이걸 냅두면 수 2 쪽으로 가는 거에요 그 직전 단계 니까 사실 우리가 좀 거쳐 탈 필요가 있죠 자존감의 라는 얘기를 요즘 많이 하는데 자존감 나지만 당연히 우울 종목의 쉽죠 자존감이 낮으면 타운 우울할 거고 그게 우울한 거에서 그냥 쭉 가면 5기 분무 던 장애나니면 그의 우울감이 있는 성격 이별 거고요 근데 하필 내가 유전적으로 생물학적으로 우울증의 취약해 요 그러면 이자 너무 우울증이 쉽게 5 겠죠 그래서 자존감이 낮으면 우울증이 오기가 쉽지 않는 말이구요 차종 감은 말 그대로 자기 자신을 제가 존중하는 건데요 절 버튼 사실을 방황을 많이 하잖아요 자기 자신에 대해서 잘 모르고 꿈 많이 해 봤어 어떻게 답이 없어 레퍼런스가 많이 없거든요 내가 어떤 사람인지 어떻게 해야 좋은지 어떻게 해야 나쁘지 자기도 판단하에 레퍼런스가 없어요 그래서 방어하는 것 사실 당연한건데 이 방황의 취약한 직물이 반 있는것 같아요 강원에 오는게 와서 많은 매력 되요 밤에 혼자 있거나 뭔가 혼자 하려고 하면 너무 외롭게 해요 살짝 정상 있거든요 사람이 외롭지 않으면 이렇게 않죠 여튼 외로운 건 정상입니다 근데 제가 너무 외로워서 문제가 생기면 사실은 이걸 자기를 한번 돌아볼 필요가 있거든요 내가 왜 이렇게 미친듯이 외롭지 라고 한번 돌아볼 필요가 있어요 이럴때 부토 여자든 남자든 뭐 연애를 자주 하기도 쉽구요 어떤 자가 원하지 않음 모임에 참석할 수도 있어요 그냥 그 시간이 외로워서 가능 거에요 근데 그러다가 그런 친구들은 또 상처를 또 많이 받나요 잘가 사실 원하지 않는 모임 이기 때문 이거든요 그래서 저는 젊었을 때 특히 20대 초반까지는 이런 저런 것들도 많이 경험하고 외로울 때 누구를 만나거나 본인이 원하지 않는 모임도 나가보는 것도 차 즉 좋다고 생각하는데 하다 보면 알 거예요 내가 정말 원하는 게 어떤 것 뿐 않연 어떤 사람을 필요로 하는구나 이런 걸 알게 까지는 사실 좀 시간이 필요합니다 그냥 생각해서는 사람은 없어요 우리가 뭐 기부 무전 장애 든니면 성격장애 든 이런 병 들도 나이가 되면서 대체적으로 좋아진다고 되어있어요 그만큼 사람이 여튼 자기가 스스로 회복하는 능력이 어느정도 있는 거거든요 정해 q2 20대 초중반 우리 친구들 한테는 힘 병거를 너무 내가 문제가 있다고 생각하지는 않았으면 좋겠어요 지금 힘든게 나중에 분명히 어떤 비슷한 상황을 이겨내는 힘이 될 수 있고요 내가 이 세상에서 그런게니에요 사회가 먹고 살기 정말 빡빡하지 않요안 입는게 이상해요 근데 힘들 때 내가 이렇게 겪어 냈군요 나 이렇게 지나갔고 하는게 정말 나중에 편임 너무 뻔한 소리 같은데 사실은 정말
https://www.youtube.com/watch?v=TvhCEuYQsIU,[우울증] 우울한 사람에게 힘내라고 하지 마세요,오늘 하루도 열심히 살고 오셨나요 저는 조식과 전북 2 나의 랍니다 오늘 기분은 좀 어때요 우울하지 않으세요 그래서 오늘 주제는 올드 입니다 a아a hero o a  you we we 살면서 한번 정도는 우울증에 걸릴 수가 있어요 근데 여자가 남자 보다는 훨씬 비율이 높다고 는 해요 로또 여자는 10% 가 살면서 열 명 중에 한 명이 여자는 우울증을 경험할 수가 있고 오케 는 20% 라고도 하거든요주 쉽게 우울해지는 친구들은 있어요 조금만 해도 오라고 조금만 해도 기복이 생기고 그런데 그걸 가지고 우울증이라고 봤으나 나요 우울증 이라는 병에 걸리면 실제로 우울한 기분 때문에 어떤 일상적인 시설을 잘 못하는 그 상태가 2주 정도는 지속이 돼야 돼요 물론 스트레스를 받거나 뭔가주 큰 충격적인 사건을 경험할 때 우울증에 걸리기 는 쉬운데요 그렇다고 모든 사람이 우주의 걸리는 건니에요 그말이 타고난 체질이 있다는 얘기죠 쉽게 비유하면 감기 우리가 우울증을 마음의 감기 라고 하잖아요 감기에는 사실 잘 쉬면 은 알 수 있어요 감기에 사실 뭐 항생제를 먹고 약을 먹을 순 있지만 우리가 툭 쉬기만 해도 일주일 후면 따지 거든요 그런데 내비 두면 폐렴이나 염증이 되잖아요 똑같아요 우울한 감정이 잘 힘이 온 대부분 극복의 되는데요 그게 너무 심했을 때 그냥 냅두면 병이 되는 친구들이 있어요 그때를 우울증이라고 하고 마치 마음의 감기 에서 마음에 폐렴이 생긴 것과 비슷하죠 폐렴은 그냥 냅두면 안되요 균 치료를 해야 되고 또 나을 동안 뭐 열도 내려 줘야 되고 하기 때문에 꼭 치료가 필요 하거든요 자가 치료법으로 할 수 있는게 운동하는 건데요 코카콜라 하얀 뚜껑 부업 있죠 하얀 누구 껌을 떠올려 봅시다 또 올랐죠 자 오케이 자 이제 그거 생각하지 마세요 또 생각나 잖아요 생각이라는 것은 없애려고 하면 없애는 생각이 생각을 떠올려 요 그래서 이 부정적인 생각이나 강박적인 생각을 노력으로 없앨 수가 없는 거예요 그래서 그런 게 있는 친구들은 무조건 몸을 써야 돼요 복싱을 하던 나가서 무조건 뛰 든 뭐든지 좋은데요 여튼 내가 머리로 이 생각을 없애겠다는 불가능함 무조건 몸을 써야 되요 운동을 하면 우리가 이제 요즘 많이 알려지 행보 코르 뭐 세로토닌 도파민 오리의 스냅 부인 이런 내 호르몬들이 쓰이기 때문에 뇌가 따온 이 되려고 하다가도 조금 회복이 되요 실제로 이건 의학적으로도 경도의 우울증은 운동을 했을 때 약을 먹는 것과 동등한 효과가 있다고 이미 입증이 되어 있어요 잡생각이 나면 달리다가 운동을 해라 라고 저는 조언을 해줍니다 운동의 종류는 상관 없고요 여 틀 뭐든지 몸을 쓰면 됐고 정말 그것만큼 좋은 방법이 없어 약은 이 우울증 이라는 병을 치료하는 정말 최소한의 장치 이거든요 안할 이유가 하나도 없어요 내 진통제 란 마찬가지인데요 내 세포가 기능이 하주 따운 됐는데 그거를 정상으로 회복시켜 주기 때문에 기본적인 기분을 유지시켜 주려고 먹는 거고 최소한의 기능의 좀 회복이 돼야지 그 다음 단계를 생각할 수가 있잖아요 저는 우리가 최소한 잠은 제대로 자고 먹는걸 좀 먹고 그게 의지가 돼야지 다음 단계로 기분이 좋아지지 이게 안 되면 우리가 우울증을 회복하게 되게 어렵다 그렇기 때문에 약의 도움을 받는 것은 초반에는 정말 중요하다 라고 얘기를 드립니다 효과가 있으면 2주 정도면 효과가 나타나고 한 달 정도면 꽤 많이 좋아져요 내가 왜 이런 갔겠지 내가 왜 죽는 생각을 했지 이상하다 라고 할 정도로 내가 확 변화 할 수가 있거든요 그 약을 끊으면 도와준 것 같지만 다시금 방재 바래요 내가 좋아진 게니고 약발 해줘야 되 거에요 야끼 온 인해 세포를 자극시켜 줘서 활동을 하고 있는 거지 이 멍해진 뇌가 다 살아난 게니거든요 우리가 괜히 약을 오래 먹으라고 하는 건니에요 그리고 중요한 건 제 발을 한번 하면 다음번에 걸렸을 때 또 재발할 경우 우리 무한대로 점점 들어 나요 그래서 우 즉 묻어 수 번에 치료 해야 돼요 특히 최근처럼 사회적으로주 이 압박이 많은 우리 젊은 친구들 처럼 고민이 많시대에서는 사실 좀 더 걸리기 쉬울 것 같아요 주위 사람이 우 런지를 알아차리는 것은 사실 쉽지는 않아요 그런데 주위에서 지켜봤는데 예전과는 내가 뭘 거지 달라졌다 본인은 티를 안 된다고 하지만 은연중에 대화 중에 죽음이 라든지 뭐 우울함이 라든지 부정적인 단어가 사실 많이 나올 수 밖에 없어요 쓰면서 그냥 뭐 이렇게 흘러 내리듯이 죽음에 대한 이야기를 할 수도 있는데요 사실은 그게 우리가 주의 사람이 놓치기 쉬운 사인을 수 있거든요 그래서 이런 얘기를 친구가 하면 한번 조금 관심을 가져 주실 필요가 있고요 그러면 이제 어떻게 해야될까 좀 부담스럽지 않아요 너무 잘해 줘도 안 될 거 같고 너무 막 그렇게 박 해도 안될 것 같고 특히 우리나라에서는 이 견해 라는 말을 많이 쓰는것 같아요 특히 어른들이 일수록 근데 우울증을까 말한 것처럼 병희 이거든요 자기가 원해서 컨트롤할 수 있는 상태가닐 병이기 때문에 물론 힘내 이런 게 도움이 되는 경우도 있지만 대체적으로는 야인 내 뭐 금방 이겨낼 거야 뭐 얘 좀 노력하면 잘 될 수 있어 이런 것들은 봉인한 텐더 부담인 것 같아요 왜냐면 나는 지금 어차피 내가 뭐 노력을 안하는 게니라 노력할 힘이 없는 거거든요 그때 그런 사람한테 얀은 조금만 노력하면 은 조금만 힘내 미 될 거야 라고 하는 것은 그건 내가 병치레를 하고 누워 있는 사람한테 얘는 좀만 노력하면 걸을 수 있어 이렇게 그 푸시 하는 거랑 비슷하게 부담을 주는 걸 수가 있어요 한 번이라도 더 같지만 밥을 먹어 준다던지 조용히 얘기를 들어 준다던지 이렇게 같이 있어 주는 거 그 사람 이야기를 들어 주는 거 최선인 것 같고요 4 이야기 를 추구한다는 것은 사실 별로 도움이 되지 않는 것 같아요 우울감을 잘 느끼는 시간이 따로 있을까요 혹은 우울증 에 잘 걸리는 계절이 있을까요 3분 있어요 그때 계절이 바뀌면서 여러 가지 생체리듬을 바뀌는데 이 우울증이나 기 분장의 취약한 친구들은 그 변화의 포개 에서 스트레스를 받는 경향이 큰 모양이에요 전통적으로는 겨울에 우울증이 많이 생기는 것으로 되어 있어요 가장 직접적인 이유는 햇빛 야 일조량이 떨어지기 때문인데요 무조건 이게 빗은 없으면 기분이 안 좋거든요 그러면 여름에는 기침 안하니까 우울 즈음에 하고 되겠네요니야 여름에는 비전 0 썽 우울증에 걸리는 사람이 많은데요 비전형적 우울증 을 하는 게 뭐냐면 우울증 우울증 인데 우울증 이랑 증상이 봤네요 그래서 부터 오라면 걱정거리 가 많아서 잠을 못자고 또 막 밥맛이 떨어져서 살도 촉촉 빠지고 일이거든요 비전 역적 우울증은 특히 조금 여자한테 도 많게 한데 잠을 많이 자야 올 낮에도 잘 모르고 잠이 쏟아져서 마 무도 파기가 싫구요 나래 내요 폭식을 하는 경우를 많고요 그리고 나중에 좋을 고경 2골 가능성도 조금 더 높다고 해요 그래서 우리가 잠을 못 자거나 식욕이 떨어진 것만 우울증 이니고 반대로 폭식이 생기거나 또 많이 졸일 거나 이거 우울증 의심을 해 봐야 됩니다 나는 잠도 잘 잤는데 시험의 나쁘진 않여튼 뭔가 요즘에는 내가 옛날에 나 가치가 않콩 쇼핑을 한다 미친듯이 4 돼요 따온 이 너무 심야 하루에도 몇번씩 기분이 병 최근에 기분 부정 장애라는 병명이 잘하는 거는 건 하우스인 더러움은 최근에 나온 말인데요 사람이 우울증이 된다
https://www.youtube.com/watch?v=SELP_6uBy7I,[이별] 정신과 의사가 말하는 이별 후폭풍 극복법,오늘도 잘 살고 오신 여러분 환영합니다 우리 오늘은 정말 중요한 얘기를 하거든요 궁금하시죠 * 얼른 들어와서 자리잡고 앉으시고 요 오늘은 이별에 대해서 얘기를 해보려고 합니다 2 too 오오오  de 5  222 beg thee 그 모 블로 누가 이별하면 길 9 마죠주 진짜 즉주 진절머리가 난다 이런게니라면 특급 시간 지나면 보고도 싶고 예 뭐 이렇게 프로필 사진에 몹 무슨말 모여서 담겨서 한다 생겨 내가 또 보고 싶고 뭐 에센스도 들어가고 싶고 불 찮 요 정상 이에요 그건 너무 정상이고 잖아요 새벽 2시에 초나 하고 싶은 하면 되죠 뭐 전화나 문자 다 한번씩 해 보지 않았나요 포토 그 토리 있잖잔 히 요즘 잘 지내 님 그걸 시작한 나오잖아요 일자가 없어지지 않거나 다음날 받는 약하지 않 없었어요 굉장히 야 그거 젊었을 때 안 해 보면 나중에 또 굉장히쉬울 수도 있어요 한번 해보고 얼마 민망한 찍혀 가봐야지 다시 안합니다 그 게 니 라 그 사람에 대한 집착을 어 놓 키가 어렵고 오히려 더 직접적으로 되는 친구들이 있어요 과도하다 싶으면 내가 그 사람한테 왜 집착하는지 를 냉정하게 생각해볼 필요가 있어요 스토킹 하는 걸 보면요 그 사람이 왜 저렇게 직접적으로 좋아야 러 가면 이유를 되기 어려운 경우가 많고 또 그게 어떻게 보면 사랑이니 이게 변절 되는 경우도 되게 많아요 그래서 그거를 하니 파 보면요 그 안에 자기가 숨어있는 역할 내가 굉장히 갖고 싶어 했던 부분이 그 사람한테 있거나 내가 나온 자 생각했던 그 환상의 관계가 그 사람과 있거나 그래스 태창 그 그를 놓아줄 수가 없는거예요 때 이게 반복되다 보면 한테는 사실 내가 이런 결계 까미 있구나 내가 이런거에 대한 굉장히 어떻게 봄 자존감이 떨어지는 부분이 있구나 이런 거를 깨달을 수도 있어요 되었든 스토킹 하면 안돼요 그냥 경봉 되지만 안되고요 정말 안돼요 그냥 새벽 2시에 자니 정도로 끝냈으면 좋겠어요 그 정도가 순수하고름다운 기억으로 남을 거예요 이번에는 시간 이야기죠 정말 모델 될 것 같은 사람도 결국 다 살게 되어 있어요 제대로 되니까요 좋은 이별이란 게 있는지 모르겠어요 이별을 충분히파하고 충분히 그 지워 하고 그렇게 충분히 받주시는 게 그나마 좋은 이별이 될 수 있는 것 같아요 실제로 그런 사례가 있었거든요 오래 산 커플이에요 20 년 알았고 10년을 같이 살았는데 갑자기 한 사람이무런 예고 없이 자살을 했어요 근데 막상 그 사람은 물론 올랐지만 별로 슬프지 않다고 했어요 사람이 20년 동안 어떤 추억을 함께 했으면 그 사람이 없어졌다는 게 굉장히 끝이 오락을 것 같은데 안 쓰세요 전혀 안 슬픔 가끔 생각이 나지만 뭐 그냥 좋은 그냥 제일 하고 지내고 있어요 라고 했었는데 사실 감춘 거에요 그 사람은 그 슬픔을 마주할 용기가 참 없었던 거예요 왜냐 너무 크니까 근데 그게 결국은 한번은 토트 여야 되거든요 헤어지면 보낼 수 없는 씨스 라던지 자기만의 어떤 그런 셀 머리 같은걸 해서 보내는 행위 를 하는 것도 괜찮은 것 같아요 뭐 그래 이게 이상훈니고 실제로 귀가 어떤 사람을 먼저 떠 내보내면 이런 것들을 추천 하기도 하거든요 한번 그 트라우마 겨 끝인가요 리 다시 사람을 못살겠다고 한 친구들이 꽤 있어요 결국은 트라우마를 입었던 그 마음을 다시 껌 해 봐야 돼요 근데 되게플 거에요팠기 때문에 사실은 그게 틀어막된거고 꺼내 보지 못하는 거거든요 예를 들어서 우리 집 정원이 있는데 거기에 쓰레기가 있어요 거기에 이런 쓰레기가 썼고 있는데요 그걸 내가 치우기 싫어 가죽 한쪽에 놓자 나요 한쪽에무리 수면으로 냄새는 계속 올라 오거든요 빨리 그거를 받걸어야 갖다 버리는 행위 자체를 두려워 하는 친구들이 많아요 왜냐하면 그 기억을 정리하려고 선프고 또 내가 이 사람 이렇게 사랑했는데 이 사람을 미워하면 은 왠지 이 사람이랑 그냥 지냈던 그 추억이 다 날라가 버려 왔잖아요 그렇지 않아요 시간은 그 시간대로 의미가 있는 거고 여튼 현재는 끝난 거예요 현재는 렌즈 하나는 기억으로 남있기 때문 요건 갖다 버리고 요까이 한 것처럼 그냥 그 일을 그대로 받아줄 준비가 되면 돼요 근데 이게 안되면 정말 어려워 하거나 어떤 사람이 나한테 다가와도 그대로 받아들이기가 어려워 제 또 나한테 저럭 엣지 라는 생각이 은연중에 들여서 작 테스팅 한다던지 이런 관계의 악순환 에 생길수가 있어요 그래서 좋은 이별이 필요한 이유는 그 옛사람을 축하 라는 게니고 나의 다음 사람과의 좋은 관계를 위해서 지금 달을 한 번 깨끝이 비워 내는 과정 인거 같아요 내가 사랑한 적이 있고 사랑한 포인트가 있잖아요 달의 인생의 어차피 다 돼 인생이 얻고 무려 높고 다음 단계로 나아가면 되요 입어 라고 안 슬픈 사람이 있을까요 이별을 해서 슬퍼하다 가 그게 실제로 우울증이 되는 경우가 종종 있어요 일주일이 마 괜찮 해 줄 알았는데 훗날 동안 학교를 안 남아요 그게 밥맛이 없어 줄 알았는데 살이 쪽쪽 빠져요 뭐 그런 경우는 사실 정말 우울증이 된 거거든요 또 하나 이별을 한 뒤에 사실 자주 오는 증상 중에 하나가 공황 발작 이에요 공황발작 이라고 하면 마차다 것 은 눈을 떴는데 가슴이 두근거려 가지고 죽을 것 같고 짝이 막 버디 빨려 들어가는 것 같고 그저무 이유 없이 걷다가 목숨이 멋질 것 같은 그런 증상 등 공황장애는 이렇게 헤어지고 난 이후에 생기는 경우가 꽤 많다고 해요 예전에는 그렇게 실제로 저희가 배웠어요 공황 발작을 일으키는주 중요한 원인이 이별이나 헤어짐 이런 것이 다 헤어진 거주 힘들죠 사람의 살면서 어느 때 수익을 스트레스 중에 거의 최고 친 것 같아요 그거는 전체적으로 좀 정말 큰 트라우마가 될 수 있는 일이라고 생각하고 요 어떤 캠프 뭐 너무 당연해요 이별하면 저도 참 할 얘기가 많았죠 이별은 핵을 들린다고 해서 괜찮지지 않도록 언제나프고 힘들어 저도 그러려니 하고파합니다파하면파 할 수록 내가 그 사람 많이 사랑했고 또 그 사람 때문에 행복했던 게 컸다는 거잖아요 그래서 가까운 것도 그냥 사랑의 마지막 단계 선물이라고 생각하세요 물론 너무 9 태연할 수 있죠 그렇게 노력해 보자는 거예요 충분히파한 만큼 또 다음 사람과 더 행복해질 수 있을꺼예요 이거 끝나고 나서 잔이 보내고 싶은 사람이 있죠 보낼 수 있어요 보내보세요 다음에도 꼭 놀러와 주시고요 푹 잘 자요 다음이 회 봅시다 1 0
https://www.youtube.com/watch?v=uGYpjtE0KaY,[정신과Q&A]당장 정신과에 와야 하는 위험신호는 | 정신과기록/자가치료/우울증/심리상담/정신과비용,"오늘하루도 정말 고생 많았어요 또 왔어요 저는 나의 라리 고요 오늘은 무슨 얘기 나눠 볼까요 그전에 좋아요 구독하기 있고 눌러주세요 2 막 싹 정씨가 가려고 하면 내가 이거 가도 되는건가 걱정이 많이 되실 것 같아서요 정식과 진료실을 살짝 알려 드리려고 해요 병원을 찾는 특히 친구들 많은 환자분들이 대부분 살면서 누구나 할수있는 고민으로 병원에 오는 경우가 굉장히 많아요 대학을 졸업했는데 쉽게 안되고 어 그래 나는 어떤 뭔가 해야 될 것 같다고 고민하는 친구들도 많이 사실 누구나 한번쯤 고민해 봤을 만한 것들로 오는 친구들이 많이 들었어요 4문제 애가 너무 유난을 떤다고 생각할 수 있는데요 남이 보기에는 굉장히 별거니고 그럴 수 있지만 나한테 꽂힐 수 있거든요 어떤 사람이든지 와도 되고 사실은 내가 큰 문제가 없다고 생각해도 나에 대해서 정말 잘 들여다 보려면 충분히 그게 준비가 되어야 되거든요 근데 저희가 정액과 든 원칙적으로 짤 때 로 환자가 얘기를 해달라고 해도 주위 사람한테 알리지 않요 정신과적 질환 코드가 f 코드 라고 하네요 애플의 다 있거든요 fm 5 우울 쭉 조 염려하고 조 울 부영 다 했는데요 그게 붙으면 사실 보험 가입에 제한이 있는 보험사가 종종 있다고 해요 보통은 약을 처방 받지 않는 이상 f 코드를 넣지는 않구요 약을 처방받는 것도 뭐 정말 단순한 불면증 같은걸로 약을 수면제 같은거 를 한번 받으면 상당 코드 처리할 수 있어요 이런 일반 의원 에서도 붙일 수 있는 의학적 상담이란 코드가 있어요 경증의 의학적 상담 다만 정말내가 사실 우울증으로 2 3년 치료를 받았다 라고 하면 그거를 거짓말로 사실 해드릴 순 없거든요 우선은 원칙적으로는 어떤 사람도 심지어 내 가족을 포함해서 가족도 내 진료 기록을 볼 수가 없어요 다른 기관에서도 절대로 조회를 해 볼 권한이 없어요 대학병원이나 종합병원에 가시는 것은 정말 내가 불면증이 심해서 약을 받고 싶다 뭔가 모르는 히기 주력이 생긴 것 같다 진단을 받아야 될거 같아요 이런 경우에 가시면 도움이 되고 대학병원은 보토 2차 3차 병원 종합병원 즉 뭐라고 하냐면 요 이번 치료를 할 수 있는 병원 이기 때문에 거기서는 이런 상담을 올해 학기는 쉽지 않아요 그런 기대를 하고 가면 돼 굳이 뭐 해요 동네의 지맥 심리 상담 센터 라는 게 많더라고요 그런데 가야 되냐 고민하실 수 있는데 정신과 는 여튼 병원 이에요 우리가 병원 이라고 하는 것은 병을 보는 곳이거든요 내가 사실 이렇게까지 병이라고 할 정도는닌 것 같은데 뭔가 상담을 받아보고 싶다고 하면 상담센터에 가보시는 것도 괜찮아요 우선 마음에 집이 좀 덜 거에요 예매는 보험 기록이 남지 않고 누구한테 얘기하기도 조금 덜 민망할 수 있잖아요 그래서 그 치료하실 선생님도 자기랑 더 합이 맞는 선생님이 있을 수 있어요 탁탁 한세미 좋다는 사람도 있고 담다중 선생님이 좋다는 친구들도 있는데 파악 의미가 있어요 하물며 이게 만약에 정말 나는 찾아갔는데 이 선생님은 뭔가 실험 그냥 실험 잘해주는데 그냥 10 라고 해도 사실을 상담 치료 효과는 있다고 해요 내 문제를 같이 얘기해서 내 얘기를 하려고 하는 거거든요 그래서 그 선생님이 싫으면 싫은 것도 이유가 나한테 살 수 있는 거예요 그 얘기를 하시면 되요 선생님은 뭐 조금 뭐 미안 안되요 죄송한데요 그냥 왠지 좀 부담스러워요 이런 얘기를 하시면마 잘 상담을 해주시는 선생님면 음 그렇군요 왜 그런 느낌이 들까요 라고 시작해서 내 안에 이야기를 끌어 내 주실 거에요  돈은 상담 시간에 달라져요 10분이 안 지 10분에서 20분 사이인지 10분 단위로 끊어 줘요 보토 환자와 내는 돈은 한 40분정도 얘기하면 안 6만원 졌어요 병어 마다 조금 차이가 있을 수 있어요 그리고 대학병원 인지 개인 병원 인지에 따라서 차이가 있을 수 있고 네트 상담 비용 자체만 그러 고요히 사람임 어떤 문제가 있는지 뭐 제가 이렇게 작품명 무 다해니기 때문에 약간 심리적 평가를 얘기 중간중간에 하거든요 이제 그런 것들이 돈이 뭐 만원 이만원 이렇게마도 나오는 경우도 있을 거에요 너트 한번 얘기를 하고 오면 10만원이 넘는 경우 거의 없고 얘기만 하고 온다 며 짧게 내가 한 10분 15분 얘기한다 그러면 그건 50,000 원 미만 일 거에요 대체적으로 그렇습니다 요새는 그 청소년 친구들도 병원에 많이 오는 내려와 출자로 이제 이런 얘기를 엄마 않다면 야 그냥 좀 기가 좀 참봐니면 이 엄마가 살짝 나 좀 해볼래 그러다가도 어 야 니가 좀 맘에 해서 그런 거잖아요 원래 그땐 다 그런 거야 라고 얘기를 하실 수도 있어요 세상은 뭐 계산머 살다 뭐 하나 밖에 나가서 뭐 하나 누구나 고민하는 거거든요 우울증은 말 그 조울증 이라고 병이라고 우리가 진단하는 것은 마이크를 경 해주세요 마음을 컨트롤 할수 있는건 우리가 덩어리라고 안하거든요 우울증이라고 하는 것은 자기가 여 절하기 어려워요 자기가 생각을 바꾸려고 해서 바꿀수가 없는 병 이고요 약을 먹으면 한 2주 3주 만 있어도 죽을 정도로 힘든 건 벗어날 수 있어요 왜 거기 생각을 했지 라는 순간이고 도와요  일종의 위험 신호 겠죠 가 있다면 가장 명백한 것은 죽는 걸 생각하는 거에요 이게 살펴보면 1도만 그런 생각해 볼 수도 있거든요 그게니라 그걸 자꾸 생각해요 실제적으로 더 구체적으로 생각해요 혹은 실제로 창문 앞에 한 번쯤 가봤어요 이정도 되면 한번 가보시는게 좋을거 같네요 죽어야 겠단 죽고 싶다 어떻게 죽으면 교체로 검색을 자부해 본다 혹은 죽어도 무섭지 않을 것 같다 라는 생각이 되면 사실 그거는 조금 이미 어느정도 올 쯤이 맞다고 보면 돼요 또 내가 이걸 밑줄이 이상 생각을 했다 몇 번 생각했다 몇 번 시도를 했다 라고 하면 병원에 가보시는게 좋은 원 soon 우울증 환자들 늘어나는 연령대 중에서 20대 각 제일 많더라구요 특히 올해 부터는 2030 세대 도 우울증 선별 검진을 국가 건강검진 해서 무료로 해준다고 해요 마음이 너무프다 고 생각하면 너무 묵혀 두지 마시고 병원에 가시는 것을 조금 더 편하게 생각 하시면 좋겠어요 사실 누구나 살면서 한 번쯤은 마음이플 수 있잖아요  도움이 되셨나요 우리 대숲 정신과 는 다음 그 외에도 우리 친구들 고민 같이 얘기 나눠 볼 거니까요 좋아요 로 가게 꼭 눌러주세요 다음 카페에서 만나요"
https://www.youtube.com/watch?v=mFxxVKglBeg,[수면장애]정신과 의사가 말하는 숙면꿀팁 | 불면증/ 수면유도제/ 악몽/ 꿀잠,lsof 에도 대나무숲이 연료 빨기 4 찾아왔어요  여름이 되어 행은 길고 밤이 짧아진 게 너무 괴롭다 자고 싶어도 심장이 두근거리고 만들면 잘 수가 없다 외롭고 오라는데 이 새벽에 이야기 알고 또 딱히 없는가 말이지 작성하기 만나 잠 들기 힘든데 박성자 도 업무에 싸이 그 어떻게든 잠 인데 눈뜨고 나면 고약한 수가 너 내 생활은 망가지고 놈 통통 붙더니 홈 살기까지 돈다 내가 모함 이어서 자며 잴 수 없는건지 잠을 못자서 렉 엄마가 된건지 모르겠다   오늘 하루도 잘 보내고 오셨나요 저는 나일니고요 여러분들이 괴로워하고 궁금해하는 것들을 들여 드리려고 봤어요 리베이트 굉장히 외롭고 우울하다 고 하셨는데 해서 고민이 있으신 게닌가 생각이 되요주 잡생각 만 하다가 얕은 잠에서 깬 거 거든요 당연히 피곤할 수밖에 없고 생각이 많으면 잠들기 어렵죠 잠자는 것은 가장 편한 자세에서 가장 편한 상태에서 잠이 드는게 일반적이고 정상적인 건데 보통 우리가 잘려고 생각을 하구요 오히려 이룰 잠오는 잘 자려고 하면 안돼요 또 자기 방에서 못자는 경우가 많거든요 잡을 말 성적으로 못 주무시는 분들은 이건 보토 이제 스트레스가 없다고 하는데 잠 과 연관된 스트레스가 있는거예요 나는 잘 해야 되나 이런 강박관념이 있기 때문에 이게 우리가 이제 조건의 화된 업 울면 증 이라고 하는데요 잠을 자려고 하면 오히려 근육 긴장도가 높아져 근육의 막 경지 그래요 내 마음은 침대는 못지 않은 곳이야 라고 생각하는 거예요 양이라도 들어보니까 양을 사실 새면 안 되잖왜 3 요양 세다가 천만 2천 마리 새 거 든 요 공부하다보면 자 보잖아요 우리가 좀 하기 싫은 일 하다 보면은 잠이 오니까 양을 최다 보면 어느 순간 잠이 들겠지 이런건데 정 못 주무시면 은 방을오 3 나와서 먹었다가 다든지 뭐 좋아하는 거 뭐 좀 하던지 해서 한 30분 도리와 타야 돼요 그리고 다시 침대 갖고 이런 것들을 우리가 수면 위생 이라고 하는데 수면 환경을 잘 만들어 준다는 거죠 나 잠을 사실 뭐 못자도 되어 밤이 절차 라고 하거든요 어차피 졸리면 은 이틀 삼일 3면은 잠시 할 수 밖에 없게 되어 있어요 잠을 잘 자면 우리가 께 성행 기준으로 한 7시간 자야 되거든요 그리고 총 수면시간이 6시간 미만이다 흔한 장고 같은데 자리를 누웠는데 뭔가 낮에 피곤하다 이런거는 동 염증을 한번도 의심해 볼 수 있겠죠 깊이 잠들지 못하는 거 자주 깨는 게 전형적인 곳도 불면증에 하나요 잠 이라는게 단계가 있었군요 잠 들기 시작한 얕은 잠 담 개 우유 단계인 한계 3단계 4단계 까지 내려 가야지 깊은 잠 이고 그 다음에 이제 꿈 잠으로 꿈을 꾸는 잠으로 전환이 되어서 한 뼘의 하는 90분 정도 120분 정도 되는데 근데 이제 거기까지 못 간 거죠 잠을 잘 자면 그 때 몸이 낙동 안 쌓여 또 우리가 어려운 말로 젖산이 나 이런 너한텐 트레노 구질이 쫙 없어지면 3 소화되고 근육도 자면서 이렇게 의 원인이 되거든요 고민이 많은 사람들이 기쁜 잠을 못자고 피곤하고 실제로 몸이 망가질 수 있고 그 말을 뭐 면역력이 떨어진 다든지 이런 게 오래되면 은 좀 쉽게 감기나 어떤 경에 걸릴 수도 있고  무 점 같은게 있을 수 있잖아요 이건 또 다른 문제 어디가도 곧장 저한테 치료를 받으러 오시거나 약을 좀 복용을 하시는걸 추천 하거나 암도 좀 해결 하셔야 되고 공황장애 나누어 많이 얘기 하잖아요 공황장애 같은 것들이 있는 사람들은 깨면서 막 가슴이 두근 부부 나거나 막 숨막히고 갑자기 무섭 뭐 초대가이도닌데 막 12 타미나 이런 경우가 이제 밤에 일어나는 공황발작 인데 전형적으로 술마시고 깰때 이런게 이 일어날 수 있거든요 출마하면 참 타루 줘 저도 소유를 그래서 많이 예 그럼 안되는데 굉 장 은 술먹은 명을 자매 잘 오는데 깊은 잠을 못자는 거에요 이 술이 깰때 잠두 께요 사람도 술마시면 결론은 잠이 잘 오 긴 한다는데 깊은 잠에 못 온다고 왜냐하면 술이 깰때 잠도 깨니까 그래서 수는 조금과 기에게 하면은 작당 맛있게 좋겠나 조금만 조금만 마시면 은 1년 정도는 좀 도움이 될 거에요  꿈은 무조건 뿐 응 거에요 꿈은 누구나 꾸는 건데 단지 기억을 하는 사람이 있고 박사 알고 있구만 꾼다는 사람이 있거든요 거짓말이에요 다꾸 오는건데 기억을 못하는 거고 꿈을 기억하지 못하는 사람이 대체적으로 건강하다고 물이나 마음에 관점에서 는데 뭐 그렇다고 건닐 수도 있는게 개념이 없는 걸 수도 있어요주 다음 남들 힘들게 놓고 자기는 모처럼 생각이 없을 수 있으니깐 데 그것도 자기 입장에서는 건강 거에요 꿈을 꿨을 때 기억을 하는 이유는 꿈꾸다가 깨거나 얕은 잠에서 깨기 때문에 자기가 사실은 매일 기억을 해야 될 만한 혹은 기억하지 않으면 안 될 만한 뭔가 문제가 있을 수 있거든요 자기가 그게 문제가 뭔지는 모를 수도 있어요주 마음속 깊이 있는 것들이 보통 꿈으로 나타나는 경우가 많기 때문에 얼마나 힘들겠어요 좋은 꿈이니에요 경우에서 각도 막 적는데 똑같은 이런 괴기스러운 꿈을 푸 거든요 또 그걸 파헤쳐 보면 그 어렸을 때 라든지 우리가 요즘 많이 말하는 단어 잇죠 트라우마 트라우마를 겪은 경우가 많고 또 대부분은 많이 좋아져요 그렇게 좋아지고 해결되는 경우가 많고 사람이라는 것은 자기의 살기를 알아서 찾게 되어 있기 때문에 이 마음도 다 해결을 알아서 할 요가 그 게 꿈이에요 왠만하면 내가 좀 해결을 해 보고 싶은 거죠 이게 사람이라는게 나쁜짓을 하면은 괴롭 짠 꿈을 꿀 때도 사실은 내가 겪은 일을 어디로 오지 않아요 나는 이제 좀 자세히 5 싶은데 그 친구 더 잘된 갔어 각 항상 얄미워서 맘 속에 든 한데 쳐주고 싶은 것 같은데 찾을 수 없다는 우린 사회적 동물이 내가 친구를 때리면 마음이 불편해요 그래서 꿈에서는 기억을 못하지만 친구가 다른 걸로 바뀌어요 못생긴 괴물 뭐 이런것들 괴물은 철우 되잖아요 내 마음의 편한 해소를 하는 거거든요 꿈이라는 것은 비논리적이고 사실을 자기가 알아차릴 수 없어야 돼요 그게 내가 이거 뭐 때문에 꽂거나 알아차리면 그거 좋은 꿈이닐 수 있어요 꿈이라는 것은 변형된다 고하고 정말 쌩뚱맞은 주제로 나오고무리 생각해봐도 내가 왜 울 걷지 생각을 못하는 게 정상 그게 꿈에서 왜 이렇게 변형이 됐을까니고 굉장히 큰 10년에서 프레이밍 해야 돼요 여러분들이 하시지 않았으면 좋겠구요 잘못된 해석은 선무당이 사람을 잡을 수 있어서 괜히 오해할 수가 있습니다 그래서 그런 해석을 안하시는게 좋겠고요 꿈에서는 자기가 알아차릴 수 없는 내용이 나오는 게 어떻게 보면 정상이고 요 그게 꿈 의 일반적인 기능이에요  요즘 많이 파는 수면유도제 라는 대표적인 약이 있어요 졸피뎀 이라는 성분의 약인데 그 약은 시국이 늘어나는게주 공통적인 이 대표적 부작용인 데 사실 왜 그런지 반박해 줬어요 제약회사가 액을 안 해 줘요 그 과학자들 밝히려고 했는데 잘 모르고요 조금 부작용이 꽤 있다고 보고 가 돼서 이렇게 친구끼리 나야 그럼 안 돼요 절대로 20원 제 종류 수면제 종류가 굉장히 말았어 수면유도제 라고 되어 있는데 이유는 뭐냐면 말그대로 잠이 되는데 도움을 주는 자기 때문이에요 수면유도제 가는 뭐냐 잠을 좀 더 깊이 자게 도와주는 약도 있어요 마지막으로 요즘에 우리나라의 조금 들어온것 같은데 멜라토닌 이라는 약이 있어요 멜라토닌은 원래는 잠을 잘 때 몸에서 나오는 자연스러운 호르몬 드 밤이 되면 은 빚어 거잖아요 그러면 눈에 들어온 기세 양이 적어 주면 딱 감지를 해서 뇌에서 멜라토닌이 쭉 남 그러면 멜라토닌이 다음에 잠이 와요 그래도 자연의 호르몬이 잖아요 우리가 만들어온 화학 약품이니고 나름 호르몬 이기 때문에 좀 안전할 거라고 생각을 하고 좀더 안정성이 있다고 생각돼요 그리고 우리가 보톡스 제모 빼곤 악어는 시차적응 그 문제 6 분열증 이 생기면 p 처방을 많이 하는 할게요 요새는 20대 병원에 오시는 분들이 많아요 고민을 들어보면 너무 안타까워 오게 도와주고 싶은데 제가 도와드릴 수 없는 경우도 많아요 그래도 콘 짝 고민하면 그게 마음이 곪을 수 있거든요 정신과 오시기 조금 마음에 용기가 부족하다 하시는 분들은 제가 무료로 정말 이거 이렇게 하면 안되는데 왜 예 무료로 같이 얘기를 나누어 드리겠습니다 여름밤의 참 많으시죠 더운 여름 밤에 잠 안 울 때 고민 함께 나눠 봐요 좋으셨어요 면 좋아요 그리고 구독하기 0 눌러 주시고요  이거 하기 싫은 듯하고 하라고 하는 나 5
